,file,pre
0,100\000001_1.jpg,0
1,100\000001_2.jpg,0
2,100\000001_3.jpg,2
3,100\000001_4.jpg,0
4,100\000001_5.jpg,0
5,100\000002_1.jpg,0
6,100\000002_2.jpg,0
7,100\000002_3.jpg,0
8,100\000002_4.jpg,0
9,100\000003_1.jpg,0
10,100\000003_2.jpg,0
11,100\000003_3.jpg,2
12,100\000003_4.jpg,0
13,100\000003_5.jpg,0
14,100\000004_1.jpg,0
15,100\000004_2.jpg,0
16,100\000004_3.jpg,0
17,100\000004_4.jpg,0
18,100\000005_1.jpg,0
19,100\000005_2.jpg,0
20,100\000005_3.jpg,0
21,100\000005_4.jpg,0
22,100\000005_5.jpg,0
23,100\000006_1.jpg,0
24,100\000006_2.jpg,0
25,100\000006_3.jpg,0
26,100\000006_4.jpg,0
27,100\000006_5.jpg,2
28,100\000007_1.jpg,0
29,100\000007_2.jpg,0
30,100\000007_3.jpg,0
31,100\000007_4.jpg,0
32,100\000007_5.jpg,0
33,100\000008_1.jpg,0
34,100\000008_2.jpg,2
35,100\000008_3.jpg,0
36,100\000008_4.jpg,0
37,100\000009_1.jpg,2
38,100\000009_2.jpg,0
39,100\000009_3.jpg,0
40,100\000009_4.jpg,0
41,100\000009_5.jpg,0
42,100\000010_1.jpg,0
43,100\000010_2.jpg,0
44,100\000010_3.jpg,0
45,100\000010_4.jpg,0
46,100\000010_5.jpg,0
47,100\000011_1.jpg,0
48,100\000011_2.jpg,0
49,100\000011_3.jpg,0
50,100\000011_4.jpg,0
51,100\000011_5.jpg,2
52,100\000012_1.jpg,0
53,100\000012_2.jpg,0
54,100\000012_3.jpg,0
55,100\000012_4.jpg,0
56,100\000013_1.jpg,0
57,100\000013_2.jpg,0
58,100\000013_3.jpg,0
59,100\000013_4.jpg,0
60,100\000013_5.jpg,0
61,100\000014_1.jpg,0
62,100\000014_2.jpg,0
63,100\000014_3.jpg,0
64,100\000014_4.jpg,0
65,100\000014_5.jpg,0
66,100\000015_1.jpg,0
67,100\000015_2.jpg,0
68,100\000015_3.jpg,0
69,100\000015_4.jpg,0
70,100\000015_5.jpg,0
71,100\000016_1.jpg,0
72,100\000016_2.jpg,0
73,100\000016_3.jpg,0
74,100\000016_4.jpg,0
75,100\000017_1.jpg,0
76,100\000017_2.jpg,0
77,100\000017_3.jpg,0
78,100\000017_4.jpg,0
79,100\000017_5.jpg,0
80,100\000018_1.jpg,0
81,100\000018_2.jpg,0
82,100\000018_3.jpg,0
83,100\000018_4.jpg,0
84,100\000018_5.jpg,0
85,100\000019_1.jpg,2
86,100\000019_2.jpg,0
87,100\000019_3.jpg,0
88,100\000019_4.jpg,0
89,100\000020_1.jpg,2
90,100\000020_2.jpg,0
91,100\000020_3.jpg,0
92,100\000020_4.jpg,0
93,100\000021_1.jpg,0
94,100\000021_2.jpg,0
95,100\000021_3.jpg,0
96,100\000021_4.jpg,0
97,100\000022_1.jpg,0
98,100\000022_2.jpg,0
99,100\000022_3.jpg,0
100,100\000022_4.jpg,0
101,100\000023_1.jpg,0
102,100\000023_2.jpg,0
103,100\000023_3.jpg,0
104,100\000023_4.jpg,0
105,100\000023_5.jpg,2
106,100\000024_1.jpg,0
107,100\000024_2.jpg,0
108,100\000024_3.jpg,2
109,100\000024_4.jpg,2
110,100\000024_5.jpg,0
111,100\000025_1.jpg,0
112,100\000025_2.jpg,0
113,100\000025_3.jpg,2
114,100\000025_4.jpg,2
115,100\000026_1.jpg,0
116,100\000026_2.jpg,0
117,100\000026_3.jpg,0
118,100\000026_4.jpg,0
119,100\000026_5.jpg,2
120,100\000027_1.jpg,0
121,100\000027_2.jpg,0
122,100\000027_3.jpg,0
123,100\000027_4.jpg,0
124,100\000027_5.jpg,0
125,100\000028_1.jpg,0
126,100\000028_2.jpg,2
127,100\000028_3.jpg,0
128,100\000028_4.jpg,0
129,100\000028_5.jpg,0
130,100\000029_1.jpg,0
131,100\000029_2.jpg,0
132,100\000029_3.jpg,0
133,100\000029_4.jpg,2
134,100\000029_5.jpg,0
135,100\000030_1.jpg,0
136,100\000030_2.jpg,0
137,100\000030_3.jpg,0
138,100\000030_4.jpg,0
139,100\000031_1.jpg,0
140,100\000031_2.jpg,0
141,100\000031_3.jpg,0
142,100\000031_4.jpg,0
143,100\000032_1.jpg,0
144,100\000032_2.jpg,1
145,100\000032_3.jpg,0
146,100\000032_4.jpg,2
147,100\000032_5.jpg,0
148,100\000033_1.jpg,0
149,100\000033_2.jpg,0
150,100\000033_3.jpg,0
151,100\000033_4.jpg,0
152,100\000033_5.jpg,0
153,100\000034_1.jpg,0
154,100\000034_2.jpg,0
155,100\000034_3.jpg,0
156,100\000034_4.jpg,0
157,100\000035_1.jpg,0
158,100\000035_2.jpg,0
159,100\000035_3.jpg,0
160,100\000035_4.jpg,0
161,100\000036_1.jpg,0
162,100\000036_2.jpg,0
163,100\000036_3.jpg,0
164,100\000036_4.jpg,0
165,100\000036_5.jpg,0
166,100\000037_1.jpg,0
167,100\000037_2.jpg,2
168,100\000037_3.jpg,0
169,100\000037_4.jpg,0
170,100\000037_5.jpg,0
171,100\000038_1.jpg,0
172,100\000038_2.jpg,2
173,100\000038_3.jpg,0
174,100\000038_4.jpg,0
175,100\000038_5.jpg,0
176,100\000039_1.jpg,0
177,100\000039_2.jpg,0
178,100\000039_3.jpg,2
179,100\000039_4.jpg,0
180,100\000039_5.jpg,0
181,100\000040_1.jpg,0
182,100\000040_2.jpg,0
183,100\000040_3.jpg,0
184,100\000040_4.jpg,0
185,100\000041_1.jpg,0
186,100\000041_2.jpg,0
187,100\000041_3.jpg,0
188,100\000041_4.jpg,0
189,100\000041_5.jpg,0
190,100\000042_1.jpg,0
191,100\000042_2.jpg,0
192,100\000042_3.jpg,0
193,100\000042_4.jpg,0
194,100\000043_1.jpg,0
195,100\000043_2.jpg,0
196,100\000043_3.jpg,0
197,100\000043_4.jpg,0
198,100\000044_1.jpg,0
199,100\000044_2.jpg,0
200,100\000044_3.jpg,1
201,100\000044_4.jpg,0
202,100\000044_5.jpg,2
203,100\000045_1.jpg,0
204,100\000045_2.jpg,0
205,100\000045_3.jpg,0
206,100\000045_4.jpg,0
207,100\000045_5.jpg,0
208,100\000046_1.jpg,0
209,100\000046_2.jpg,2
210,100\000046_3.jpg,0
211,100\000046_4.jpg,0
212,100\000046_5.jpg,0
213,100\000047_1.jpg,0
214,100\000047_2.jpg,0
215,100\000047_3.jpg,0
216,100\000047_4.jpg,0
217,100\000048_1.jpg,2
218,100\000048_2.jpg,0
219,100\000048_3.jpg,0
220,100\000048_4.jpg,0
221,100\000049_1.jpg,0
222,100\000049_2.jpg,0
223,100\000049_3.jpg,0
224,100\000049_4.jpg,0
225,100\000050_1.jpg,0
226,100\000050_2.jpg,0
227,100\000050_3.jpg,2
228,100\000050_4.jpg,2
229,100\000050_5.jpg,0
230,100\000051_1.jpg,0
231,100\000051_2.jpg,0
232,100\000051_3.jpg,0
233,100\000051_4.jpg,0
234,100\000051_5.jpg,0
235,100\000052_1.jpg,0
236,100\000052_2.jpg,0
237,100\000052_3.jpg,2
238,100\000052_4.jpg,0
239,100\000052_5.jpg,0
240,100\000053_1.jpg,2
241,100\000053_2.jpg,0
242,100\000053_3.jpg,0
243,100\000053_4.jpg,0
244,100\000054_1.jpg,0
245,100\000054_2.jpg,0
246,100\000054_3.jpg,0
247,100\000054_4.jpg,0
248,100\000054_5.jpg,0
249,100\000055_1.jpg,0
250,100\000055_2.jpg,0
251,100\000055_3.jpg,0
252,100\000055_4.jpg,0
253,100\000055_5.jpg,0
254,100\000056_1.jpg,2
255,100\000056_2.jpg,0
256,100\000056_3.jpg,0
257,100\000056_4.jpg,0
258,100\000056_5.jpg,0
259,100\000057_1.jpg,0
260,100\000057_2.jpg,0
261,100\000057_3.jpg,0
262,100\000057_4.jpg,0
263,100\000058_1.jpg,0
264,100\000058_2.jpg,0
265,100\000058_3.jpg,0
266,100\000058_4.jpg,0
267,100\000058_5.jpg,0
268,100\000059_1.jpg,0
269,100\000059_2.jpg,0
270,100\000059_3.jpg,0
271,100\000059_4.jpg,0
272,100\000060_1.jpg,0
273,100\000060_2.jpg,0
274,100\000060_3.jpg,0
275,100\000060_4.jpg,0
276,100\000060_5.jpg,0
277,100\000061_1.jpg,0
278,100\000061_2.jpg,2
279,100\000061_3.jpg,0
280,100\000061_4.jpg,0
281,100\000061_5.jpg,2
282,100\000062_1.jpg,0
283,100\000062_2.jpg,0
284,100\000062_3.jpg,0
285,100\000062_4.jpg,0
286,100\000063_1.jpg,2
287,100\000063_2.jpg,1
288,100\000063_3.jpg,2
289,100\000063_4.jpg,0
290,100\000063_5.jpg,2
291,100\000064_1.jpg,0
292,100\000064_2.jpg,0
293,100\000064_3.jpg,0
294,100\000064_4.jpg,0
295,100\000064_5.jpg,0
296,100\000065_1.jpg,0
297,100\000065_2.jpg,0
298,100\000065_3.jpg,0
299,100\000065_4.jpg,0
300,100\000065_5.jpg,0
301,100\000066_1.jpg,0
302,100\000066_2.jpg,0
303,100\000066_3.jpg,0
304,100\000066_4.jpg,0
305,100\000067_1.jpg,0
306,100\000067_2.jpg,0
307,100\000067_3.jpg,0
308,100\000067_4.jpg,0
309,100\000067_5.jpg,0
310,100\000068_1.jpg,0
311,100\000068_2.jpg,0
312,100\000068_3.jpg,0
313,100\000068_4.jpg,2
314,100\000068_5.jpg,0
315,100\000069_1.jpg,0
316,100\000069_2.jpg,2
317,100\000069_3.jpg,0
318,100\000069_4.jpg,2
319,100\000070_1.jpg,2
320,100\000070_2.jpg,0
321,100\000070_3.jpg,0
322,100\000070_4.jpg,0
323,100\000071_1.jpg,0
324,100\000071_2.jpg,0
325,100\000071_3.jpg,0
326,100\000071_4.jpg,2
327,100\000071_5.jpg,0
328,100\000072_1.jpg,2
329,100\000072_2.jpg,0
330,100\000072_3.jpg,0
331,100\000072_4.jpg,0
332,100\000072_5.jpg,0
333,100\000073_1.jpg,0
334,100\000073_2.jpg,0
335,100\000073_3.jpg,0
336,100\000073_4.jpg,0
337,100\000073_5.jpg,2
338,100\000074_1.jpg,0
339,100\000074_2.jpg,0
340,100\000074_3.jpg,0
341,100\000074_4.jpg,0
342,100\000074_5.jpg,0
343,100\000075_1.jpg,0
344,100\000075_2.jpg,0
345,100\000075_3.jpg,2
346,100\000075_4.jpg,0
347,100\000075_5.jpg,0
348,100\000076_1.jpg,0
349,100\000076_2.jpg,2
350,100\000076_3.jpg,0
351,100\000076_4.jpg,0
352,100\000077_1.jpg,0
353,100\000077_2.jpg,0
354,100\000077_3.jpg,0
355,100\000077_4.jpg,0
356,100\000077_5.jpg,0
357,100\000078_1.jpg,0
358,100\000078_2.jpg,0
359,100\000078_3.jpg,0
360,100\000078_4.jpg,0
361,100\000078_5.jpg,0
362,100\000079_1.jpg,0
363,100\000079_2.jpg,0
364,100\000079_3.jpg,0
365,100\000079_4.jpg,0
366,100\000080_1.jpg,0
367,100\000080_2.jpg,0
368,100\000080_3.jpg,0
369,100\000080_4.jpg,0
370,100\000080_5.jpg,0
371,100\000081_1.jpg,0
372,100\000081_2.jpg,0
373,100\000081_3.jpg,0
374,100\000081_4.jpg,0
375,100\000082_1.jpg,2
376,100\000082_2.jpg,0
377,100\000082_3.jpg,0
378,100\000082_4.jpg,0
379,100\000083_1.jpg,0
380,100\000083_2.jpg,0
381,100\000083_3.jpg,0
382,100\000083_4.jpg,2
383,100\000083_5.jpg,0
384,100\000084_1.jpg,0
385,100\000084_2.jpg,0
386,100\000084_3.jpg,0
387,100\000084_4.jpg,0
388,100\000085_1.jpg,0
389,100\000085_2.jpg,0
390,100\000085_3.jpg,0
391,100\000085_4.jpg,0
392,100\000085_5.jpg,2
393,100\000086_1.jpg,0
394,100\000086_2.jpg,2
395,100\000086_3.jpg,0
396,100\000086_4.jpg,0
397,100\000086_5.jpg,0
398,100\000087_1.jpg,2
399,100\000087_2.jpg,0
400,100\000087_3.jpg,2
401,100\000087_4.jpg,0
402,100\000087_5.jpg,0
403,100\000088_1.jpg,0
404,100\000088_2.jpg,0
405,100\000088_3.jpg,2
406,100\000088_4.jpg,2
407,100\000088_5.jpg,0
408,100\000089_1.jpg,0
409,100\000089_2.jpg,0
410,100\000089_3.jpg,0
411,100\000089_4.jpg,0
412,100\000089_5.jpg,0
413,100\000090_1.jpg,0
414,100\000090_2.jpg,0
415,100\000090_3.jpg,0
416,100\000090_4.jpg,0
417,100\000091_1.jpg,0
418,100\000091_2.jpg,0
419,100\000091_3.jpg,0
420,100\000091_4.jpg,0
421,100\000092_1.jpg,0
422,100\000092_2.jpg,0
423,100\000092_3.jpg,0
424,100\000092_4.jpg,0
425,100\000092_5.jpg,0
426,100\000093_1.jpg,0
427,100\000093_2.jpg,2
428,100\000093_3.jpg,0
429,100\000093_4.jpg,0
430,100\000093_5.jpg,0
431,100\000094_1.jpg,0
432,100\000094_2.jpg,0
433,100\000094_3.jpg,0
434,100\000094_4.jpg,0
435,100\000095_1.jpg,0
436,100\000095_2.jpg,0
437,100\000095_3.jpg,0
438,100\000095_4.jpg,1
439,100\000095_5.jpg,0
440,100\000096_1.jpg,2
441,100\000096_2.jpg,0
442,100\000096_3.jpg,0
443,100\000096_4.jpg,0
444,100\000097_1.jpg,0
445,100\000097_2.jpg,0
446,100\000097_3.jpg,0
447,100\000097_4.jpg,0
448,100\000097_5.jpg,0
449,100\000098_1.jpg,0
450,100\000098_2.jpg,0
451,100\000098_3.jpg,0
452,100\000098_4.jpg,2
453,100\000098_5.jpg,0
454,100\000099_1.jpg,0
455,100\000099_2.jpg,0
456,100\000099_3.jpg,0
457,100\000099_4.jpg,0
458,100\000100_1.jpg,0
459,100\000100_2.jpg,0
460,100\000100_3.jpg,0
461,100\000100_4.jpg,2
462,100\000100_5.jpg,0
463,100\000101_1.jpg,0
464,100\000101_2.jpg,0
465,100\000101_3.jpg,0
466,100\000101_4.jpg,0
467,100\000102_1.jpg,0
468,100\000102_2.jpg,0
469,100\000102_3.jpg,0
470,100\000102_4.jpg,0
471,100\000103_1.jpg,0
472,100\000103_2.jpg,0
473,100\000103_3.jpg,0
474,100\000103_4.jpg,0
475,100\000103_5.jpg,2
476,100\000104_1.jpg,0
477,100\000104_2.jpg,0
478,100\000104_3.jpg,0
479,100\000104_4.jpg,0
480,100\000105_1.jpg,0
481,100\000105_2.jpg,0
482,100\000105_3.jpg,0
483,100\000105_4.jpg,0
484,100\000105_5.jpg,0
485,100\000106_1.jpg,0
486,100\000106_2.jpg,0
487,100\000106_3.jpg,0
488,100\000106_4.jpg,0
489,100\000107_1.jpg,0
490,100\000107_2.jpg,0
491,100\000107_3.jpg,0
492,100\000107_4.jpg,0
493,100\000107_5.jpg,0
494,100\000108_1.jpg,0
495,100\000108_2.jpg,0
496,100\000108_3.jpg,0
497,100\000108_4.jpg,0
498,100\000109_1.jpg,0
499,100\000109_2.jpg,0
500,100\000109_3.jpg,0
501,100\000109_4.jpg,0
502,100\000109_5.jpg,2
503,100\000110_1.jpg,0
504,100\000110_2.jpg,0
505,100\000110_3.jpg,0
506,100\000110_4.jpg,0
507,100\000110_5.jpg,0
508,100\000111_1.jpg,0
509,100\000111_2.jpg,0
510,100\000111_3.jpg,0
511,100\000111_4.jpg,2
512,100\000112_1.jpg,0
513,100\000112_2.jpg,0
514,100\000112_3.jpg,0
515,100\000112_4.jpg,0
516,100\000112_5.jpg,0
517,100\000113_1.jpg,0
518,100\000113_2.jpg,0
519,100\000113_3.jpg,0
520,100\000113_4.jpg,0
521,100\000113_5.jpg,0
522,100\000114_1.jpg,0
523,100\000114_2.jpg,0
524,100\000114_3.jpg,0
525,100\000114_4.jpg,0
526,100\000114_5.jpg,0
527,100\000115_1.jpg,0
528,100\000115_2.jpg,0
529,100\000115_3.jpg,2
530,100\000115_4.jpg,0
531,100\000116_1.jpg,0
532,100\000116_2.jpg,2
533,100\000116_3.jpg,0
534,100\000116_4.jpg,0
535,100\000117_1.jpg,0
536,100\000117_2.jpg,0
537,100\000117_3.jpg,0
538,100\000117_4.jpg,0
539,100\000117_5.jpg,0
540,100\000118_1.jpg,2
541,100\000118_2.jpg,0
542,100\000118_3.jpg,0
543,100\000118_4.jpg,0
544,100\000118_5.jpg,0
545,100\000119_1.jpg,0
546,100\000119_2.jpg,0
547,100\000119_3.jpg,0
548,100\000119_4.jpg,0
549,100\000119_5.jpg,0
550,100\000120_1.jpg,0
551,100\000120_2.jpg,2
552,100\000120_3.jpg,0
553,100\000120_4.jpg,0
554,100\000120_5.jpg,0
555,100\000121_1.jpg,1
556,100\000121_2.jpg,0
557,100\000121_3.jpg,0
558,100\000121_4.jpg,0
559,100\000121_5.jpg,0
560,100\000122_1.jpg,0
561,100\000122_2.jpg,0
562,100\000122_3.jpg,0
563,100\000122_4.jpg,0
564,100\000122_5.jpg,0
565,100\000123_1.jpg,0
566,100\000123_2.jpg,0
567,100\000123_3.jpg,2
568,100\000123_4.jpg,0
569,100\000124_1.jpg,0
570,100\000124_2.jpg,0
571,100\000124_3.jpg,0
572,100\000124_4.jpg,2
573,100\000125_1.jpg,0
574,100\000125_2.jpg,1
575,100\000125_3.jpg,0
576,100\000125_4.jpg,0
577,100\000126_1.jpg,0
578,100\000126_2.jpg,0
579,100\000126_3.jpg,0
580,100\000126_4.jpg,0
581,100\000127_1.jpg,2
582,100\000127_2.jpg,0
583,100\000127_3.jpg,0
584,100\000127_4.jpg,0
585,100\000127_5.jpg,0
586,100\000128_1.jpg,0
587,100\000128_2.jpg,0
588,100\000128_3.jpg,0
589,100\000128_4.jpg,0
590,100\000129_1.jpg,0
591,100\000129_2.jpg,0
592,100\000129_3.jpg,0
593,100\000129_4.jpg,0
594,100\000129_5.jpg,0
595,100\000130_1.jpg,0
596,100\000130_2.jpg,2
597,100\000130_3.jpg,0
598,100\000130_4.jpg,0
599,100\000130_5.jpg,0
600,100\000131_1.jpg,0
601,100\000131_2.jpg,0
602,100\000131_3.jpg,0
603,100\000131_4.jpg,0
604,100\000132_1.jpg,0
605,100\000132_2.jpg,0
606,100\000132_3.jpg,0
607,100\000132_4.jpg,2
608,100\000133_1.jpg,0
609,100\000133_2.jpg,0
610,100\000133_3.jpg,0
611,100\000133_4.jpg,0
612,100\000134_1.jpg,0
613,100\000134_2.jpg,0
614,100\000134_3.jpg,0
615,100\000134_4.jpg,0
616,100\000135_1.jpg,0
617,100\000135_2.jpg,0
618,100\000135_3.jpg,2
619,100\000135_4.jpg,1
620,100\000135_5.jpg,0
621,100\000136_1.jpg,0
622,100\000136_2.jpg,0
623,100\000136_3.jpg,0
624,100\000136_4.jpg,2
625,100\000136_5.jpg,0
626,100\000137_1.jpg,0
627,100\000137_2.jpg,0
628,100\000137_3.jpg,0
629,100\000137_4.jpg,2
630,100\000138_1.jpg,0
631,100\000138_2.jpg,0
632,100\000138_3.jpg,0
633,100\000138_4.jpg,0
634,100\000138_5.jpg,0
635,100\000139_1.jpg,0
636,100\000139_2.jpg,0
637,100\000139_3.jpg,2
638,100\000139_4.jpg,0
639,100\000140_1.jpg,0
640,100\000140_2.jpg,0
641,100\000140_3.jpg,0
642,100\000140_4.jpg,0
643,100\000141_1.jpg,2
644,100\000141_2.jpg,0
645,100\000141_3.jpg,0
646,100\000141_4.jpg,2
647,100\000141_5.jpg,0
648,100\000142_1.jpg,1
649,100\000142_2.jpg,2
650,100\000142_3.jpg,0
651,100\000142_4.jpg,0
652,100\000142_5.jpg,0
653,100\000143_1.jpg,0
654,100\000143_2.jpg,0
655,100\000143_3.jpg,0
656,100\000143_4.jpg,0
657,100\000144_1.jpg,0
658,100\000144_2.jpg,0
659,100\000144_3.jpg,0
660,100\000144_4.jpg,2
661,100\000144_5.jpg,0
662,100\000145_1.jpg,0
663,100\000145_2.jpg,0
664,100\000145_3.jpg,0
665,100\000145_4.jpg,0
666,100\000145_5.jpg,0
667,100\000146_1.jpg,0
668,100\000146_2.jpg,0
669,100\000146_3.jpg,0
670,100\000146_4.jpg,0
671,100\000146_5.jpg,0
672,100\000147_1.jpg,0
673,100\000147_2.jpg,0
674,100\000147_3.jpg,0
675,100\000147_4.jpg,0
676,100\000147_5.jpg,0
677,100\000148_1.jpg,0
678,100\000148_2.jpg,0
679,100\000148_3.jpg,0
680,100\000148_4.jpg,0
681,100\000148_5.jpg,0
682,100\000149_1.jpg,0
683,100\000149_2.jpg,0
684,100\000149_3.jpg,0
685,100\000149_4.jpg,0
686,100\000149_5.jpg,0
687,100\000150_1.jpg,0
688,100\000150_2.jpg,0
689,100\000150_3.jpg,0
690,100\000150_4.jpg,0
691,100\000151_1.jpg,0
692,100\000151_2.jpg,0
693,100\000151_3.jpg,0
694,100\000151_4.jpg,0
695,100\000151_5.jpg,2
696,100\000152_1.jpg,0
697,100\000152_2.jpg,0
698,100\000152_3.jpg,0
699,100\000152_4.jpg,0
700,100\000153_1.jpg,0
701,100\000153_2.jpg,0
702,100\000153_3.jpg,0
703,100\000153_4.jpg,0
704,100\000153_5.jpg,0
705,100\000154_1.jpg,0
706,100\000154_2.jpg,0
707,100\000154_3.jpg,2
708,100\000154_4.jpg,0
709,100\000155_1.jpg,0
710,100\000155_2.jpg,0
711,100\000155_3.jpg,0
712,100\000155_4.jpg,0
713,100\000156_1.jpg,0
714,100\000156_2.jpg,0
715,100\000156_3.jpg,0
716,100\000156_4.jpg,0
717,100\000156_5.jpg,2
718,100\000157_1.jpg,2
719,100\000157_2.jpg,0
720,100\000157_3.jpg,0
721,100\000157_4.jpg,0
722,100\000157_5.jpg,2
723,100\000158_1.jpg,0
724,100\000158_2.jpg,0
725,100\000158_3.jpg,0
726,100\000158_4.jpg,0
727,100\000158_5.jpg,0
728,100\000159_1.jpg,0
729,100\000159_2.jpg,0
730,100\000159_3.jpg,0
731,100\000159_4.jpg,0
732,100\000159_5.jpg,0
733,100\000160_1.jpg,0
734,100\000160_2.jpg,0
735,100\000160_3.jpg,0
736,100\000160_4.jpg,0
737,100\000160_5.jpg,0
738,100\000161_1.jpg,0
739,100\000161_2.jpg,0
740,100\000161_3.jpg,0
741,100\000161_4.jpg,0
742,100\000162_1.jpg,0
743,100\000162_2.jpg,0
744,100\000162_3.jpg,0
745,100\000162_4.jpg,2
746,100\000163_1.jpg,0
747,100\000163_2.jpg,0
748,100\000163_3.jpg,0
749,100\000163_4.jpg,0
750,100\000164_1.jpg,0
751,100\000164_2.jpg,0
752,100\000164_3.jpg,0
753,100\000164_4.jpg,2
754,100\000164_5.jpg,0
755,100\000165_1.jpg,0
756,100\000165_2.jpg,2
757,100\000165_3.jpg,0
758,100\000165_4.jpg,0
759,100\000165_5.jpg,0
760,100\000166_1.jpg,0
761,100\000166_2.jpg,0
762,100\000166_3.jpg,0
763,100\000166_4.jpg,0
764,100\000166_5.jpg,2
765,100\000167_1.jpg,0
766,100\000167_2.jpg,0
767,100\000167_3.jpg,0
768,100\000167_4.jpg,0
769,100\000167_5.jpg,0
770,100\000168_1.jpg,0
771,100\000168_2.jpg,0
772,100\000168_3.jpg,0
773,100\000168_4.jpg,0
774,100\000169_1.jpg,0
775,100\000169_2.jpg,2
776,100\000169_3.jpg,0
777,100\000169_4.jpg,0
778,100\000169_5.jpg,0
779,100\000170_1.jpg,0
780,100\000170_2.jpg,0
781,100\000170_3.jpg,0
782,100\000170_4.jpg,0
783,100\000171_1.jpg,0
784,100\000171_2.jpg,0
785,100\000171_3.jpg,0
786,100\000171_4.jpg,0
787,100\000172_1.jpg,0
788,100\000172_2.jpg,0
789,100\000172_3.jpg,0
790,100\000172_4.jpg,0
791,100\000173_1.jpg,1
792,100\000173_2.jpg,0
793,100\000173_3.jpg,0
794,100\000173_4.jpg,0
795,100\000174_1.jpg,0
796,100\000174_2.jpg,0
797,100\000174_3.jpg,0
798,100\000174_4.jpg,0
799,100\000174_5.jpg,2
800,100\000175_1.jpg,0
801,100\000175_2.jpg,0
802,100\000175_3.jpg,0
803,100\000175_4.jpg,0
804,100\000176_1.jpg,0
805,100\000176_2.jpg,0
806,100\000176_3.jpg,0
807,100\000176_4.jpg,0
808,100\000177_1.jpg,0
809,100\000177_2.jpg,0
810,100\000177_3.jpg,0
811,100\000177_4.jpg,0
812,100\000177_5.jpg,0
813,100\000178_1.jpg,0
814,100\000178_2.jpg,2
815,100\000178_3.jpg,2
816,100\000178_4.jpg,0
817,100\000179_1.jpg,0
818,100\000179_2.jpg,0
819,100\000179_3.jpg,0
820,100\000179_4.jpg,0
821,100\000179_5.jpg,0
822,100\000180_1.jpg,0
823,100\000180_2.jpg,0
824,100\000180_3.jpg,0
825,100\000180_4.jpg,0
826,100\000181_1.jpg,0
827,100\000181_2.jpg,0
828,100\000181_3.jpg,0
829,100\000181_4.jpg,0
830,100\000181_5.jpg,0
831,100\000182_1.jpg,0
832,100\000182_2.jpg,0
833,100\000182_3.jpg,1
834,100\000182_4.jpg,0
835,100\000183_1.jpg,0
836,100\000183_2.jpg,0
837,100\000183_3.jpg,0
838,100\000183_4.jpg,0
839,100\000184_1.jpg,0
840,100\000184_2.jpg,0
841,100\000184_3.jpg,0
842,100\000184_4.jpg,2
843,100\000184_5.jpg,0
844,100\000185_1.jpg,0
845,100\000185_2.jpg,0
846,100\000185_3.jpg,0
847,100\000185_4.jpg,0
848,100\000186_1.jpg,0
849,100\000186_2.jpg,0
850,100\000186_3.jpg,0
851,100\000186_4.jpg,0
852,100\000186_5.jpg,0
853,100\000187_1.jpg,0
854,100\000187_2.jpg,0
855,100\000187_3.jpg,0
856,100\000187_4.jpg,0
857,100\000188_1.jpg,0
858,100\000188_2.jpg,0
859,100\000188_3.jpg,0
860,100\000188_4.jpg,0
861,100\000188_5.jpg,0
862,100\000189_1.jpg,0
863,100\000189_2.jpg,0
864,100\000189_3.jpg,0
865,100\000189_4.jpg,0
866,100\000189_5.jpg,2
867,100\000190_1.jpg,2
868,100\000190_2.jpg,0
869,100\000190_3.jpg,0
870,100\000190_4.jpg,0
871,100\000191_1.jpg,0
872,100\000191_2.jpg,0
873,100\000191_3.jpg,0
874,100\000191_4.jpg,0
875,100\000191_5.jpg,0
876,100\000192_1.jpg,0
877,100\000192_2.jpg,0
878,100\000192_3.jpg,0
879,100\000192_4.jpg,0
880,100\000192_5.jpg,0
881,100\000193_1.jpg,0
882,100\000193_2.jpg,0
883,100\000193_3.jpg,0
884,100\000193_4.jpg,0
885,100\000194_1.jpg,2
886,100\000194_2.jpg,0
887,100\000194_3.jpg,0
888,100\000194_4.jpg,0
889,100\000195_1.jpg,0
890,100\000195_2.jpg,0
891,100\000195_3.jpg,0
892,100\000195_4.jpg,0
893,100\000196_1.jpg,0
894,100\000196_2.jpg,0
895,100\000196_3.jpg,0
896,100\000196_4.jpg,0
897,100\000197_1.jpg,0
898,100\000197_2.jpg,0
899,100\000197_3.jpg,0
900,100\000197_4.jpg,0
901,100\000197_5.jpg,0
902,100\000198_1.jpg,0
903,100\000198_2.jpg,2
904,100\000198_3.jpg,0
905,100\000198_4.jpg,0
906,100\000198_5.jpg,0
907,100\000199_1.jpg,0
908,100\000199_2.jpg,0
909,100\000199_3.jpg,0
910,100\000199_4.jpg,0
911,100\000200_1.jpg,0
912,100\000200_2.jpg,2
913,100\000200_3.jpg,0
914,100\000200_4.jpg,0
915,100\000200_5.jpg,0
916,100\000201_1.jpg,0
917,100\000201_2.jpg,0
918,100\000201_3.jpg,0
919,100\000201_4.jpg,0
920,100\000202_1.jpg,0
921,100\000202_2.jpg,0
922,100\000202_3.jpg,0
923,100\000202_4.jpg,0
924,100\000202_5.jpg,0
925,100\000203_1.jpg,0
926,100\000203_2.jpg,0
927,100\000203_3.jpg,2
928,100\000203_4.jpg,0
929,100\000203_5.jpg,0
930,100\000204_1.jpg,0
931,100\000204_2.jpg,0
932,100\000204_3.jpg,0
933,100\000204_4.jpg,0
934,100\000204_5.jpg,0
935,100\000205_1.jpg,0
936,100\000205_2.jpg,2
937,100\000205_3.jpg,0
938,100\000205_4.jpg,0
939,100\000206_1.jpg,2
940,100\000206_2.jpg,0
941,100\000206_3.jpg,2
942,100\000206_4.jpg,0
943,100\000206_5.jpg,0
944,100\000207_1.jpg,0
945,100\000207_2.jpg,0
946,100\000207_3.jpg,0
947,100\000207_4.jpg,0
948,100\000207_5.jpg,0
949,100\000208_1.jpg,0
950,100\000208_2.jpg,2
951,100\000208_3.jpg,0
952,100\000208_4.jpg,0
953,100\000208_5.jpg,0
954,100\000209_1.jpg,0
955,100\000209_2.jpg,0
956,100\000209_3.jpg,0
957,100\000209_4.jpg,2
958,100\000210_1.jpg,0
959,100\000210_2.jpg,0
960,100\000210_3.jpg,0
961,100\000210_4.jpg,0
962,100\000210_5.jpg,0
963,100\000211_1.jpg,1
964,100\000211_2.jpg,2
965,100\000211_3.jpg,0
966,100\000211_4.jpg,0
967,100\000211_5.jpg,0
968,100\000212_1.jpg,0
969,100\000212_2.jpg,2
970,100\000212_3.jpg,0
971,100\000212_4.jpg,2
972,100\000213_1.jpg,0
973,100\000213_2.jpg,0
974,100\000213_3.jpg,0
975,100\000213_4.jpg,0
976,100\000214_1.jpg,0
977,100\000214_2.jpg,0
978,100\000214_3.jpg,0
979,100\000214_4.jpg,0
980,100\000214_5.jpg,0
981,100\000215_1.jpg,0
982,100\000215_2.jpg,0
983,100\000215_3.jpg,0
984,100\000215_4.jpg,0
985,100\000216_1.jpg,0
986,100\000216_2.jpg,0
987,100\000216_3.jpg,0
988,100\000216_4.jpg,0
989,100\000216_5.jpg,0
990,100\000217_1.jpg,0
991,100\000217_2.jpg,0
992,100\000217_3.jpg,0
993,100\000217_4.jpg,2
994,100\000218_1.jpg,0
995,100\000218_2.jpg,0
996,100\000218_3.jpg,0
997,100\000218_4.jpg,2
998,100\000218_5.jpg,0
999,100\000219_1.jpg,0
1000,100\000219_2.jpg,0
1001,100\000219_3.jpg,0
1002,100\000219_4.jpg,0
1003,100\000219_5.jpg,0
1004,100\000220_1.jpg,0
1005,100\000220_2.jpg,2
1006,100\000220_3.jpg,0
1007,100\000220_4.jpg,2
1008,100\000220_5.jpg,0
1009,100\000221_1.jpg,0
1010,100\000221_2.jpg,2
1011,100\000221_3.jpg,0
1012,100\000221_4.jpg,2
1013,100\000221_5.jpg,0
1014,100\000222_1.jpg,0
1015,100\000222_2.jpg,0
1016,100\000222_3.jpg,2
1017,100\000222_4.jpg,0
1018,100\000222_5.jpg,0
1019,100\000223_1.jpg,0
1020,100\000223_2.jpg,0
1021,100\000223_3.jpg,0
1022,100\000223_4.jpg,0
1023,100\000223_5.jpg,0
1024,100\000224_1.jpg,0
1025,100\000224_2.jpg,0
1026,100\000224_3.jpg,2
1027,100\000224_4.jpg,0
1028,100\000224_5.jpg,0
1029,100\000225_1.jpg,0
1030,100\000225_2.jpg,0
1031,100\000225_3.jpg,0
1032,100\000225_4.jpg,0
1033,100\000225_5.jpg,0
1034,100\000226_1.jpg,0
1035,100\000226_2.jpg,0
1036,100\000226_3.jpg,0
1037,100\000226_4.jpg,0
1038,100\000226_5.jpg,0
1039,100\000227_1.jpg,0
1040,100\000227_2.jpg,0
1041,100\000227_3.jpg,0
1042,100\000227_4.jpg,0
1043,100\000228_1.jpg,0
1044,100\000228_2.jpg,0
1045,100\000228_3.jpg,0
1046,100\000228_4.jpg,0
1047,100\000229_1.jpg,0
1048,100\000229_2.jpg,0
1049,100\000229_3.jpg,0
1050,100\000229_4.jpg,0
1051,100\000229_5.jpg,0
1052,100\000230_1.jpg,2
1053,100\000230_2.jpg,0
1054,100\000230_3.jpg,0
1055,100\000230_4.jpg,0
1056,100\000231_1.jpg,0
1057,100\000231_2.jpg,0
1058,100\000231_3.jpg,2
1059,100\000231_4.jpg,0
1060,100\000231_5.jpg,0
1061,100\000232_1.jpg,0
1062,100\000232_2.jpg,0
1063,100\000232_3.jpg,0
1064,100\000232_4.jpg,0
1065,100\000232_5.jpg,0
1066,100\000233_1.jpg,0
1067,100\000233_2.jpg,0
1068,100\000233_3.jpg,0
1069,100\000233_4.jpg,0
1070,100\000233_5.jpg,0
1071,100\000234_1.jpg,2
1072,100\000234_2.jpg,0
1073,100\000234_3.jpg,0
1074,100\000234_4.jpg,0
1075,100\000235_1.jpg,0
1076,100\000235_2.jpg,0
1077,100\000235_3.jpg,0
1078,100\000235_4.jpg,0
1079,100\000235_5.jpg,0
1080,100\000236_1.jpg,0
1081,100\000236_2.jpg,0
1082,100\000236_3.jpg,2
1083,100\000236_4.jpg,0
1084,100\000237_1.jpg,0
1085,100\000237_2.jpg,0
1086,100\000237_3.jpg,0
1087,100\000237_4.jpg,0
1088,100\000237_5.jpg,0
1089,100\000238_1.jpg,2
1090,100\000238_2.jpg,0
1091,100\000238_3.jpg,0
1092,100\000238_4.jpg,0
1093,100\000238_5.jpg,0
1094,100\000239_1.jpg,1
1095,100\000239_2.jpg,2
1096,100\000239_3.jpg,0
1097,100\000239_4.jpg,0
1098,100\000239_5.jpg,0
1099,100\000240_1.jpg,0
1100,100\000240_2.jpg,2
1101,100\000240_3.jpg,0
1102,100\000240_4.jpg,0
1103,100\000241_1.jpg,2
1104,100\000241_2.jpg,0
1105,100\000241_3.jpg,0
1106,100\000241_4.jpg,0
1107,100\000241_5.jpg,0
1108,100\000242_1.jpg,0
1109,100\000242_2.jpg,0
1110,100\000242_3.jpg,0
1111,100\000242_4.jpg,0
1112,100\000242_5.jpg,0
1113,100\000243_1.jpg,0
1114,100\000243_2.jpg,0
1115,100\000243_3.jpg,0
1116,100\000243_4.jpg,0
1117,100\000244_1.jpg,0
1118,100\000244_2.jpg,0
1119,100\000244_3.jpg,0
1120,100\000244_4.jpg,0
1121,100\000244_5.jpg,0
1122,100\000245_1.jpg,0
1123,100\000245_2.jpg,0
1124,100\000245_3.jpg,0
1125,100\000245_4.jpg,0
1126,100\000245_5.jpg,0
1127,100\000246_1.jpg,0
1128,100\000246_2.jpg,0
1129,100\000246_3.jpg,2
1130,100\000246_4.jpg,0
1131,100\000246_5.jpg,2
1132,100\000247_1.jpg,0
1133,100\000247_2.jpg,0
1134,100\000247_3.jpg,0
1135,100\000247_4.jpg,2
1136,100\000247_5.jpg,2
1137,100\000248_1.jpg,0
1138,100\000248_2.jpg,2
1139,100\000248_3.jpg,0
1140,100\000248_4.jpg,0
1141,100\000249_1.jpg,0
1142,100\000249_2.jpg,0
1143,100\000249_3.jpg,0
1144,100\000249_4.jpg,0
1145,100\000250_1.jpg,2
1146,100\000250_2.jpg,2
1147,100\000250_3.jpg,0
1148,100\000250_4.jpg,0
1149,100\000250_5.jpg,0
1150,100\000251_1.jpg,0
1151,100\000251_2.jpg,0
1152,100\000251_3.jpg,0
1153,100\000251_4.jpg,0
1154,100\000251_5.jpg,0
1155,100\000252_1.jpg,0
1156,100\000252_2.jpg,0
1157,100\000252_3.jpg,0
1158,100\000252_4.jpg,0
1159,100\000253_1.jpg,0
1160,100\000253_2.jpg,0
1161,100\000253_3.jpg,2
1162,100\000253_4.jpg,2
1163,100\000253_5.jpg,0
1164,100\000254_1.jpg,0
1165,100\000254_2.jpg,0
1166,100\000254_3.jpg,0
1167,100\000254_4.jpg,0
1168,100\000255_1.jpg,0
1169,100\000255_2.jpg,0
1170,100\000255_3.jpg,0
1171,100\000255_4.jpg,0
1172,100\000256_1.jpg,0
1173,100\000256_2.jpg,0
1174,100\000256_3.jpg,0
1175,100\000256_4.jpg,2
1176,100\000256_5.jpg,0
1177,100\000257_1.jpg,0
1178,100\000257_2.jpg,0
1179,100\000257_3.jpg,0
1180,100\000257_4.jpg,0
1181,100\000258_1.jpg,2
1182,100\000258_2.jpg,0
1183,100\000258_3.jpg,1
1184,100\000258_4.jpg,0
1185,100\000258_5.jpg,2
1186,100\000259_1.jpg,0
1187,100\000259_2.jpg,0
1188,100\000259_3.jpg,0
1189,100\000259_4.jpg,0
1190,100\000260_1.jpg,2
1191,100\000260_2.jpg,0
1192,100\000260_3.jpg,0
1193,100\000260_4.jpg,0
1194,100\000261_1.jpg,0
1195,100\000261_2.jpg,0
1196,100\000261_3.jpg,0
1197,100\000261_4.jpg,0
1198,100\000261_5.jpg,0
1199,100\000262_1.jpg,0
1200,100\000262_2.jpg,2
1201,100\000262_3.jpg,0
1202,100\000262_4.jpg,0
1203,100\000262_5.jpg,0
1204,100\000263_1.jpg,0
1205,100\000263_2.jpg,0
1206,100\000263_3.jpg,0
1207,100\000263_4.jpg,0
1208,100\000263_5.jpg,0
1209,100\000264_1.jpg,0
1210,100\000264_2.jpg,0
1211,100\000264_3.jpg,0
1212,100\000264_4.jpg,0
1213,100\000264_5.jpg,0
1214,100\000265_1.jpg,0
1215,100\000265_2.jpg,0
1216,100\000265_3.jpg,0
1217,100\000265_4.jpg,0
1218,100\000265_5.jpg,0
1219,100\000266_1.jpg,0
1220,100\000266_2.jpg,2
1221,100\000266_3.jpg,0
1222,100\000266_4.jpg,0
1223,100\000267_1.jpg,0
1224,100\000267_2.jpg,0
1225,100\000267_3.jpg,0
1226,100\000267_4.jpg,0
1227,100\000267_5.jpg,0
1228,100\000268_1.jpg,2
1229,100\000268_2.jpg,0
1230,100\000268_3.jpg,0
1231,100\000268_4.jpg,0
1232,100\000269_1.jpg,0
1233,100\000269_2.jpg,0
1234,100\000269_3.jpg,0
1235,100\000269_4.jpg,0
1236,100\000270_1.jpg,0
1237,100\000270_2.jpg,0
1238,100\000270_3.jpg,2
1239,100\000270_4.jpg,0
1240,100\000270_5.jpg,0
1241,100\000271_1.jpg,0
1242,100\000271_2.jpg,0
1243,100\000271_3.jpg,0
1244,100\000271_4.jpg,0
1245,100\000271_5.jpg,0
1246,100\000272_1.jpg,0
1247,100\000272_2.jpg,0
1248,100\000272_3.jpg,0
1249,100\000272_4.jpg,0
1250,100\000272_5.jpg,0
1251,100\000273_1.jpg,0
1252,100\000273_2.jpg,0
1253,100\000273_3.jpg,0
1254,100\000273_4.jpg,0
1255,100\000274_1.jpg,0
1256,100\000274_2.jpg,2
1257,100\000274_3.jpg,0
1258,100\000274_4.jpg,0
1259,100\000274_5.jpg,0
1260,100\000275_1.jpg,0
1261,100\000275_2.jpg,0
1262,100\000275_3.jpg,0
1263,100\000275_4.jpg,0
1264,100\000275_5.jpg,0
1265,100\000276_1.jpg,2
1266,100\000276_2.jpg,0
1267,100\000276_3.jpg,0
1268,100\000276_4.jpg,0
1269,100\000276_5.jpg,0
1270,100\000277_1.jpg,0
1271,100\000277_2.jpg,0
1272,100\000277_3.jpg,2
1273,100\000277_4.jpg,0
1274,100\000277_5.jpg,0
1275,100\000278_1.jpg,0
1276,100\000278_2.jpg,0
1277,100\000278_3.jpg,2
1278,100\000278_4.jpg,2
1279,100\000278_5.jpg,2
1280,100\000279_1.jpg,0
1281,100\000279_2.jpg,0
1282,100\000279_3.jpg,0
1283,100\000279_4.jpg,0
1284,100\000280_1.jpg,0
1285,100\000280_2.jpg,0
1286,100\000280_3.jpg,0
1287,100\000280_4.jpg,0
1288,100\000280_5.jpg,0
1289,100\000281_1.jpg,2
1290,100\000281_2.jpg,0
1291,100\000281_3.jpg,0
1292,100\000281_4.jpg,0
1293,100\000282_1.jpg,0
1294,100\000282_2.jpg,0
1295,100\000282_3.jpg,0
1296,100\000282_4.jpg,2
1297,100\000283_1.jpg,0
1298,100\000283_2.jpg,0
1299,100\000283_3.jpg,2
1300,100\000283_4.jpg,0
1301,100\000283_5.jpg,0
1302,100\000284_1.jpg,0
1303,100\000284_2.jpg,0
1304,100\000284_3.jpg,0
1305,100\000284_4.jpg,0
1306,100\000284_5.jpg,0
1307,100\000285_1.jpg,0
1308,100\000285_2.jpg,0
1309,100\000285_3.jpg,0
1310,100\000285_4.jpg,0
1311,100\000286_1.jpg,0
1312,100\000286_2.jpg,0
1313,100\000286_3.jpg,0
1314,100\000286_4.jpg,0
1315,100\000287_1.jpg,0
1316,100\000287_2.jpg,2
1317,100\000287_3.jpg,1
1318,100\000287_4.jpg,2
1319,100\000288_1.jpg,0
1320,100\000288_2.jpg,0
1321,100\000288_3.jpg,0
1322,100\000288_4.jpg,0
1323,100\000289_1.jpg,0
1324,100\000289_2.jpg,0
1325,100\000289_3.jpg,0
1326,100\000289_4.jpg,0
1327,100\000289_5.jpg,0
1328,100\000290_1.jpg,0
1329,100\000290_2.jpg,0
1330,100\000290_3.jpg,2
1331,100\000290_4.jpg,2
1332,100\000291_1.jpg,0
1333,100\000291_2.jpg,0
1334,100\000291_3.jpg,0
1335,100\000291_4.jpg,0
1336,100\000292_1.jpg,0
1337,100\000292_2.jpg,0
1338,100\000292_3.jpg,0
1339,100\000292_4.jpg,0
1340,100\000292_5.jpg,2
1341,100\000293_1.jpg,0
1342,100\000293_2.jpg,0
1343,100\000293_3.jpg,0
1344,100\000293_4.jpg,0
1345,100\000294_1.jpg,0
1346,100\000294_2.jpg,0
1347,100\000294_3.jpg,0
1348,100\000294_4.jpg,0
1349,100\000295_1.jpg,0
1350,100\000295_2.jpg,0
1351,100\000295_3.jpg,0
1352,100\000295_4.jpg,2
1353,100\000296_1.jpg,0
1354,100\000296_2.jpg,0
1355,100\000296_3.jpg,0
1356,100\000296_4.jpg,2
1357,100\000296_5.jpg,0
1358,100\000297_1.jpg,0
1359,100\000297_2.jpg,0
1360,100\000297_3.jpg,0
1361,100\000297_4.jpg,0
1362,100\000298_1.jpg,1
1363,100\000298_2.jpg,0
1364,100\000298_3.jpg,0
1365,100\000298_4.jpg,0
1366,100\000298_5.jpg,0
1367,100\000299_1.jpg,0
1368,100\000299_2.jpg,0
1369,100\000299_3.jpg,0
1370,100\000299_4.jpg,0
1371,100\000299_5.jpg,0
1372,100\000300_1.jpg,0
1373,100\000300_2.jpg,0
1374,100\000300_3.jpg,0
1375,100\000300_4.jpg,0
1376,100\000300_5.jpg,2
1377,100\000301_1.jpg,0
1378,100\000301_2.jpg,0
1379,100\000301_3.jpg,2
1380,100\000301_4.jpg,0
1381,100\000302_1.jpg,2
1382,100\000302_2.jpg,0
1383,100\000302_3.jpg,0
1384,100\000302_4.jpg,0
1385,100\000303_1.jpg,0
1386,100\000303_2.jpg,0
1387,100\000303_3.jpg,0
1388,100\000303_4.jpg,0
1389,100\000304_1.jpg,2
1390,100\000304_2.jpg,0
1391,100\000304_3.jpg,0
1392,100\000304_4.jpg,0
1393,100\000305_1.jpg,0
1394,100\000305_2.jpg,0
1395,100\000305_3.jpg,0
1396,100\000305_4.jpg,0
1397,100\000305_5.jpg,0
1398,100\000306_1.jpg,0
1399,100\000306_2.jpg,0
1400,100\000306_3.jpg,0
1401,100\000306_4.jpg,0
1402,100\000306_5.jpg,0
1403,100\000307_1.jpg,0
1404,100\000307_2.jpg,0
1405,100\000307_3.jpg,0
1406,100\000307_4.jpg,0
1407,100\000307_5.jpg,0
1408,100\000308_1.jpg,0
1409,100\000308_2.jpg,0
1410,100\000308_3.jpg,0
1411,100\000308_4.jpg,0
1412,100\000308_5.jpg,0
1413,100\000309_1.jpg,0
1414,100\000309_2.jpg,0
1415,100\000309_3.jpg,0
1416,100\000309_4.jpg,0
1417,100\000310_1.jpg,2
1418,100\000310_2.jpg,0
1419,100\000310_3.jpg,0
1420,100\000310_4.jpg,0
1421,100\000311_1.jpg,0
1422,100\000311_2.jpg,0
1423,100\000311_3.jpg,0
1424,100\000311_4.jpg,2
1425,100\000312_1.jpg,0
1426,100\000312_2.jpg,0
1427,100\000312_3.jpg,0
1428,100\000312_4.jpg,0
1429,100\000312_5.jpg,0
1430,100\000313_1.jpg,0
1431,100\000313_2.jpg,0
1432,100\000313_3.jpg,0
1433,100\000313_4.jpg,0
1434,100\000314_1.jpg,0
1435,100\000314_2.jpg,0
1436,100\000314_3.jpg,0
1437,100\000314_4.jpg,0
1438,100\000315_1.jpg,0
1439,100\000315_2.jpg,0
1440,100\000315_3.jpg,2
1441,100\000315_4.jpg,0
1442,100\000315_5.jpg,0
1443,100\000316_1.jpg,0
1444,100\000316_2.jpg,0
1445,100\000316_3.jpg,0
1446,100\000316_4.jpg,0
1447,100\000317_1.jpg,0
1448,100\000317_2.jpg,0
1449,100\000317_3.jpg,2
1450,100\000317_4.jpg,0
1451,100\000318_1.jpg,0
1452,100\000318_2.jpg,0
1453,100\000318_3.jpg,0
1454,100\000318_4.jpg,0
1455,100\000319_1.jpg,2
1456,100\000319_2.jpg,0
1457,100\000319_3.jpg,0
1458,100\000319_4.jpg,0
1459,100\000320_1.jpg,0
1460,100\000320_2.jpg,0
1461,100\000320_3.jpg,0
1462,100\000320_4.jpg,0
1463,100\000320_5.jpg,0
1464,100\000321_1.jpg,0
1465,100\000321_2.jpg,0
1466,100\000321_3.jpg,0
1467,100\000321_4.jpg,2
1468,100\000321_5.jpg,0
1469,100\000322_1.jpg,0
1470,100\000322_2.jpg,0
1471,100\000322_3.jpg,2
1472,100\000322_4.jpg,2
1473,100\000323_1.jpg,0
1474,100\000323_2.jpg,0
1475,100\000323_3.jpg,0
1476,100\000323_4.jpg,0
1477,100\000324_1.jpg,0
1478,100\000324_2.jpg,0
1479,100\000324_3.jpg,0
1480,100\000324_4.jpg,0
1481,100\000324_5.jpg,0
1482,100\000325_1.jpg,0
1483,100\000325_2.jpg,0
1484,100\000325_3.jpg,0
1485,100\000325_4.jpg,0
1486,100\000326_1.jpg,0
1487,100\000326_2.jpg,2
1488,100\000326_3.jpg,0
1489,100\000326_4.jpg,0
1490,100\000327_1.jpg,0
1491,100\000327_2.jpg,0
1492,100\000327_3.jpg,0
1493,100\000327_4.jpg,0
1494,100\000328_1.jpg,0
1495,100\000328_2.jpg,0
1496,100\000328_3.jpg,0
1497,100\000328_4.jpg,0
1498,100\000328_5.jpg,2
1499,100\000329_1.jpg,0
1500,100\000329_2.jpg,0
1501,100\000329_3.jpg,2
1502,100\000329_4.jpg,0
1503,100\000329_5.jpg,0
1504,100\000330_1.jpg,2
1505,100\000330_2.jpg,0
1506,100\000330_3.jpg,0
1507,100\000330_4.jpg,0
1508,100\000330_5.jpg,0
1509,100\000331_1.jpg,0
1510,100\000331_2.jpg,2
1511,100\000331_3.jpg,0
1512,100\000331_4.jpg,0
1513,100\000331_5.jpg,0
1514,100\000332_1.jpg,2
1515,100\000332_2.jpg,0
1516,100\000332_3.jpg,0
1517,100\000332_4.jpg,0
1518,100\000333_1.jpg,0
1519,100\000333_2.jpg,0
1520,100\000333_3.jpg,0
1521,100\000333_4.jpg,2
1522,100\000333_5.jpg,0
1523,100\000334_1.jpg,0
1524,100\000334_2.jpg,2
1525,100\000334_3.jpg,0
1526,100\000334_4.jpg,0
1527,100\000334_5.jpg,0
1528,100\000335_1.jpg,0
1529,100\000335_2.jpg,0
1530,100\000335_3.jpg,0
1531,100\000335_4.jpg,0
1532,100\000336_1.jpg,0
1533,100\000336_2.jpg,0
1534,100\000336_3.jpg,0
1535,100\000336_4.jpg,0
1536,100\000336_5.jpg,0
1537,100\000337_1.jpg,0
1538,100\000337_2.jpg,0
1539,100\000337_3.jpg,0
1540,100\000337_4.jpg,0
1541,100\000338_1.jpg,0
1542,100\000338_2.jpg,0
1543,100\000338_3.jpg,0
1544,100\000338_4.jpg,0
1545,100\000339_1.jpg,0
1546,100\000339_2.jpg,0
1547,100\000339_3.jpg,0
1548,100\000339_4.jpg,0
1549,100\000339_5.jpg,0
1550,100\000340_1.jpg,0
1551,100\000340_2.jpg,0
1552,100\000340_3.jpg,0
1553,100\000340_4.jpg,0
1554,100\000340_5.jpg,0
1555,100\000341_1.jpg,0
1556,100\000341_2.jpg,0
1557,100\000341_3.jpg,2
1558,100\000341_4.jpg,0
1559,100\000341_5.jpg,0
1560,100\000342_1.jpg,0
1561,100\000342_2.jpg,0
1562,100\000342_3.jpg,0
1563,100\000342_4.jpg,0
1564,100\000343_1.jpg,0
1565,100\000343_2.jpg,0
1566,100\000343_3.jpg,2
1567,100\000343_4.jpg,0
1568,100\000343_5.jpg,0
1569,100\000344_1.jpg,2
1570,100\000344_2.jpg,0
1571,100\000344_3.jpg,0
1572,100\000344_4.jpg,0
1573,100\000344_5.jpg,0
1574,100\000345_1.jpg,0
1575,100\000345_2.jpg,0
1576,100\000345_3.jpg,0
1577,100\000345_4.jpg,0
1578,100\000345_5.jpg,0
1579,100\000346_1.jpg,0
1580,100\000346_2.jpg,0
1581,100\000346_3.jpg,0
1582,100\000346_4.jpg,0
1583,100\000347_1.jpg,0
1584,100\000347_2.jpg,0
1585,100\000347_3.jpg,2
1586,100\000347_4.jpg,0
1587,100\000347_5.jpg,0
1588,100\000348_1.jpg,0
1589,100\000348_2.jpg,0
1590,100\000348_3.jpg,0
1591,100\000348_4.jpg,0
1592,100\000349_1.jpg,0
1593,100\000349_2.jpg,0
1594,100\000349_3.jpg,2
1595,100\000349_4.jpg,0
1596,100\000350_1.jpg,2
1597,100\000350_2.jpg,0
1598,100\000350_3.jpg,0
1599,100\000350_4.jpg,0
1600,100\000350_5.jpg,0
1601,100\000351_1.jpg,2
1602,100\000351_2.jpg,0
1603,100\000351_3.jpg,0
1604,100\000351_4.jpg,0
1605,100\000351_5.jpg,0
1606,100\000352_1.jpg,0
1607,100\000352_2.jpg,0
1608,100\000352_3.jpg,0
1609,100\000352_4.jpg,1
1610,100\000352_5.jpg,0
1611,100\000353_1.jpg,0
1612,100\000353_2.jpg,0
1613,100\000353_3.jpg,0
1614,100\000353_4.jpg,0
1615,100\000354_1.jpg,0
1616,100\000354_2.jpg,0
1617,100\000354_3.jpg,0
1618,100\000354_4.jpg,0
1619,100\000355_1.jpg,0
1620,100\000355_2.jpg,0
1621,100\000355_3.jpg,0
1622,100\000355_4.jpg,0
1623,100\000355_5.jpg,2
1624,100\000356_1.jpg,2
1625,100\000356_2.jpg,2
1626,100\000356_3.jpg,0
1627,100\000356_4.jpg,2
1628,100\000356_5.jpg,0
1629,100\000357_1.jpg,2
1630,100\000357_2.jpg,0
1631,100\000357_3.jpg,2
1632,100\000357_4.jpg,0
1633,100\000357_5.jpg,0
1634,100\000358_1.jpg,0
1635,100\000358_2.jpg,2
1636,100\000358_3.jpg,0
1637,100\000358_4.jpg,0
1638,100\000358_5.jpg,0
1639,100\000359_1.jpg,0
1640,100\000359_2.jpg,0
1641,100\000359_3.jpg,0
1642,100\000359_4.jpg,0
1643,100\000359_5.jpg,0
1644,100\000360_1.jpg,2
1645,100\000360_2.jpg,0
1646,100\000360_3.jpg,0
1647,100\000360_4.jpg,0
1648,100\000360_5.jpg,0
1649,100\000361_1.jpg,0
1650,100\000361_2.jpg,0
1651,100\000361_3.jpg,0
1652,100\000361_4.jpg,0
1653,100\000361_5.jpg,0
1654,100\000362_1.jpg,0
1655,100\000362_2.jpg,0
1656,100\000362_3.jpg,0
1657,100\000362_4.jpg,0
1658,100\000362_5.jpg,1
1659,100\000363_1.jpg,0
1660,100\000363_2.jpg,0
1661,100\000363_3.jpg,0
1662,100\000363_4.jpg,0
1663,100\000363_5.jpg,0
1664,100\000364_1.jpg,0
1665,100\000364_2.jpg,0
1666,100\000364_3.jpg,0
1667,100\000364_4.jpg,0
1668,100\000365_1.jpg,0
1669,100\000365_2.jpg,0
1670,100\000365_3.jpg,0
1671,100\000365_4.jpg,0
1672,100\000366_1.jpg,0
1673,100\000366_2.jpg,0
1674,100\000366_3.jpg,0
1675,100\000366_4.jpg,0
1676,100\000366_5.jpg,2
1677,100\000367_1.jpg,0
1678,100\000367_2.jpg,1
1679,100\000367_3.jpg,0
1680,100\000367_4.jpg,0
1681,100\000367_5.jpg,0
1682,100\000368_1.jpg,0
1683,100\000368_2.jpg,0
1684,100\000368_3.jpg,0
1685,100\000368_4.jpg,0
1686,100\000369_1.jpg,0
1687,100\000369_2.jpg,0
1688,100\000369_3.jpg,0
1689,100\000369_4.jpg,0
1690,100\000369_5.jpg,0
1691,100\000370_1.jpg,0
1692,100\000370_2.jpg,0
1693,100\000370_3.jpg,0
1694,100\000370_4.jpg,0
1695,100\000370_5.jpg,0
1696,100\000371_1.jpg,2
1697,100\000371_2.jpg,0
1698,100\000371_3.jpg,0
1699,100\000371_4.jpg,0
1700,100\000371_5.jpg,0
1701,100\000372_1.jpg,0
1702,100\000372_2.jpg,0
1703,100\000372_3.jpg,0
1704,100\000372_4.jpg,0
1705,100\000373_1.jpg,0
1706,100\000373_2.jpg,0
1707,100\000373_3.jpg,0
1708,100\000373_4.jpg,0
1709,100\000374_1.jpg,0
1710,100\000374_2.jpg,0
1711,100\000374_3.jpg,2
1712,100\000374_4.jpg,0
1713,100\000374_5.jpg,0
1714,100\000375_1.jpg,0
1715,100\000375_2.jpg,0
1716,100\000375_3.jpg,0
1717,100\000376_1.jpg,0
1718,100\000376_2.jpg,0
1719,100\000376_3.jpg,0
1720,100\000376_4.jpg,0
1721,100\000377_1.jpg,2
1722,100\000377_2.jpg,0
1723,100\000377_3.jpg,0
1724,100\000377_4.jpg,0
1725,100\000377_5.jpg,0
1726,100\000378_1.jpg,1
1727,100\000378_2.jpg,0
1728,100\000378_3.jpg,0
1729,100\000378_4.jpg,0
1730,100\000379_1.jpg,0
1731,100\000379_2.jpg,0
1732,100\000379_3.jpg,0
1733,100\000379_4.jpg,0
1734,100\000380_1.jpg,0
1735,100\000380_2.jpg,0
1736,100\000380_3.jpg,0
1737,100\000380_4.jpg,0
1738,100\000380_5.jpg,0
1739,100\000381_1.jpg,0
1740,100\000381_2.jpg,0
1741,100\000381_3.jpg,0
1742,100\000381_4.jpg,0
1743,100\000381_5.jpg,2
1744,100\000382_1.jpg,2
1745,100\000382_2.jpg,0
1746,100\000382_3.jpg,0
1747,100\000382_4.jpg,0
1748,100\000382_5.jpg,2
1749,100\000383_1.jpg,0
1750,100\000383_2.jpg,0
1751,100\000383_3.jpg,0
1752,100\000383_4.jpg,0
1753,100\000383_5.jpg,2
1754,100\000384_1.jpg,0
1755,100\000384_2.jpg,2
1756,100\000384_3.jpg,0
1757,100\000384_4.jpg,0
1758,100\000384_5.jpg,0
1759,100\000385_1.jpg,0
1760,100\000385_2.jpg,2
1761,100\000385_3.jpg,0
1762,100\000385_4.jpg,0
1763,100\000385_5.jpg,0
1764,100\000386_1.jpg,0
1765,100\000386_2.jpg,0
1766,100\000386_3.jpg,2
1767,100\000386_4.jpg,0
1768,100\000386_5.jpg,1
1769,100\000387_1.jpg,0
1770,100\000387_2.jpg,1
1771,100\000387_3.jpg,0
1772,100\000387_4.jpg,0
1773,100\000388_1.jpg,0
1774,100\000388_2.jpg,0
1775,100\000388_3.jpg,0
1776,100\000388_4.jpg,2
1777,100\000388_5.jpg,0
1778,100\000389_1.jpg,0
1779,100\000389_2.jpg,0
1780,100\000389_3.jpg,0
1781,100\000389_4.jpg,0
1782,100\000389_5.jpg,0
1783,100\000390_1.jpg,0
1784,100\000390_2.jpg,0
1785,100\000390_3.jpg,0
1786,100\000390_4.jpg,0
1787,100\000390_5.jpg,0
1788,100\000391_1.jpg,0
1789,100\000391_2.jpg,0
1790,100\000391_3.jpg,0
1791,100\000391_4.jpg,0
1792,100\000392_1.jpg,0
1793,100\000392_2.jpg,0
1794,100\000392_3.jpg,2
1795,100\000392_4.jpg,0
1796,100\000393_1.jpg,0
1797,100\000393_2.jpg,0
1798,100\000393_3.jpg,0
1799,100\000393_4.jpg,2
1800,100\000393_5.jpg,2
1801,100\000394_1.jpg,0
1802,100\000394_2.jpg,0
1803,100\000394_3.jpg,2
1804,100\000394_4.jpg,0
1805,100\000394_5.jpg,0
1806,100\000395_1.jpg,0
1807,100\000395_2.jpg,0
1808,100\000395_3.jpg,0
1809,100\000395_4.jpg,0
1810,100\000396_1.jpg,0
1811,100\000396_2.jpg,0
1812,100\000396_3.jpg,0
1813,100\000396_4.jpg,0
1814,100\000397_1.jpg,0
1815,100\000397_2.jpg,2
1816,100\000397_3.jpg,0
1817,100\000397_4.jpg,0
1818,100\000398_1.jpg,0
1819,100\000398_2.jpg,2
1820,100\000398_3.jpg,0
1821,100\000398_4.jpg,0
1822,100\000398_5.jpg,0
1823,100\000399_1.jpg,0
1824,100\000399_2.jpg,0
1825,100\000399_3.jpg,0
1826,100\000399_4.jpg,0
1827,100\000399_5.jpg,0
1828,100\000400_1.jpg,0
1829,100\000400_2.jpg,0
1830,100\000400_3.jpg,0
1831,100\000400_4.jpg,2
1832,100\000401_1.jpg,2
1833,100\000401_2.jpg,2
1834,100\000401_3.jpg,0
1835,100\000401_4.jpg,0
1836,100\000401_5.jpg,0
1837,100\000402_1.jpg,0
1838,100\000402_2.jpg,0
1839,100\000402_3.jpg,0
1840,100\000402_4.jpg,0
1841,100\000403_1.jpg,0
1842,100\000403_2.jpg,0
1843,100\000403_3.jpg,0
1844,100\000403_4.jpg,0
1845,100\000404_1.jpg,0
1846,100\000404_2.jpg,0
1847,100\000404_3.jpg,0
1848,100\000404_4.jpg,0
1849,100\000404_5.jpg,0
1850,100\000405_1.jpg,0
1851,100\000405_2.jpg,0
1852,100\000405_3.jpg,0
1853,100\000405_4.jpg,0
1854,100\000406_1.jpg,0
1855,100\000406_2.jpg,0
1856,100\000406_3.jpg,2
1857,100\000406_4.jpg,0
1858,100\000406_5.jpg,0
1859,100\000407_1.jpg,2
1860,100\000407_2.jpg,0
1861,100\000407_3.jpg,0
1862,100\000407_4.jpg,0
1863,100\000407_5.jpg,0
1864,100\000408_1.jpg,0
1865,100\000408_2.jpg,0
1866,100\000408_3.jpg,0
1867,100\000408_4.jpg,0
1868,100\000408_5.jpg,0
1869,100\000409_1.jpg,0
1870,100\000409_2.jpg,0
1871,100\000409_3.jpg,0
1872,100\000409_4.jpg,0
1873,100\000409_5.jpg,0
1874,100\000410_1.jpg,0
1875,100\000410_2.jpg,0
1876,100\000410_3.jpg,0
1877,100\000410_4.jpg,0
1878,100\000410_5.jpg,0
1879,100\000411_1.jpg,0
1880,100\000411_2.jpg,0
1881,100\000411_3.jpg,0
1882,100\000411_4.jpg,0
1883,100\000411_5.jpg,0
1884,100\000412_1.jpg,0
1885,100\000412_2.jpg,0
1886,100\000412_3.jpg,0
1887,100\000412_4.jpg,0
1888,100\000413_1.jpg,0
1889,100\000413_2.jpg,2
1890,100\000413_3.jpg,0
1891,100\000413_4.jpg,0
1892,100\000413_5.jpg,0
1893,100\000414_1.jpg,0
1894,100\000414_2.jpg,0
1895,100\000414_3.jpg,0
1896,100\000414_4.jpg,0
1897,100\000414_5.jpg,0
1898,100\000415_1.jpg,0
1899,100\000415_2.jpg,0
1900,100\000415_3.jpg,0
1901,100\000415_4.jpg,0
1902,100\000415_5.jpg,0
1903,100\000416_1.jpg,0
1904,100\000416_2.jpg,0
1905,100\000416_3.jpg,0
1906,100\000416_4.jpg,0
1907,100\000416_5.jpg,2
1908,100\000417_1.jpg,1
1909,100\000417_2.jpg,0
1910,100\000417_3.jpg,2
1911,100\000417_4.jpg,2
1912,100\000417_5.jpg,0
1913,100\000418_1.jpg,0
1914,100\000418_2.jpg,0
1915,100\000418_3.jpg,0
1916,100\000418_4.jpg,0
1917,100\000419_1.jpg,0
1918,100\000419_2.jpg,0
1919,100\000419_3.jpg,0
1920,100\000419_4.jpg,0
1921,100\000420_1.jpg,0
1922,100\000420_2.jpg,2
1923,100\000420_3.jpg,0
1924,100\000420_4.jpg,0
1925,100\000421_1.jpg,0
1926,100\000421_2.jpg,0
1927,100\000421_3.jpg,1
1928,100\000421_4.jpg,0
1929,100\000421_5.jpg,0
1930,100\000422_1.jpg,0
1931,100\000422_2.jpg,0
1932,100\000422_3.jpg,0
1933,100\000422_4.jpg,0
1934,100\000423_1.jpg,0
1935,100\000423_2.jpg,0
1936,100\000423_3.jpg,0
1937,100\000423_4.jpg,0
1938,100\000424_1.jpg,0
1939,100\000424_2.jpg,0
1940,100\000424_3.jpg,0
1941,100\000424_4.jpg,0
1942,100\000425_1.jpg,0
1943,100\000425_2.jpg,0
1944,100\000425_3.jpg,0
1945,100\000425_4.jpg,0
1946,100\000426_1.jpg,0
1947,100\000426_2.jpg,1
1948,100\000426_3.jpg,0
1949,100\000426_4.jpg,0
1950,100\000426_5.jpg,0
1951,100\000427_1.jpg,0
1952,100\000427_2.jpg,0
1953,100\000427_3.jpg,2
1954,100\000427_4.jpg,0
1955,100\000427_5.jpg,0
1956,100\000428_1.jpg,0
1957,100\000428_2.jpg,0
1958,100\000428_3.jpg,2
1959,100\000428_4.jpg,0
1960,100\000428_5.jpg,2
1961,100\000429_1.jpg,0
1962,100\000429_2.jpg,0
1963,100\000429_3.jpg,0
1964,100\000429_4.jpg,0
1965,100\000430_1.jpg,0
1966,100\000430_2.jpg,0
1967,100\000430_3.jpg,2
1968,100\000430_4.jpg,0
1969,100\000430_5.jpg,0
1970,100\000431_1.jpg,0
1971,100\000431_2.jpg,0
1972,100\000431_3.jpg,0
1973,100\000431_4.jpg,0
1974,100\000431_5.jpg,0
1975,100\000432_1.jpg,0
1976,100\000432_2.jpg,0
1977,100\000432_3.jpg,1
1978,100\000432_4.jpg,0
1979,100\000432_5.jpg,0
1980,100\000433_1.jpg,0
1981,100\000433_2.jpg,0
1982,100\000433_3.jpg,0
1983,100\000433_4.jpg,0
1984,100\000433_5.jpg,0
1985,100\000434_1.jpg,0
1986,100\000434_2.jpg,0
1987,100\000434_3.jpg,0
1988,100\000434_4.jpg,0
1989,100\000434_5.jpg,1
1990,100\000435_1.jpg,0
1991,100\000435_2.jpg,0
1992,100\000435_3.jpg,0
1993,100\000435_4.jpg,2
1994,100\000436_1.jpg,0
1995,100\000436_2.jpg,0
1996,100\000436_3.jpg,0
1997,100\000436_4.jpg,2
1998,100\000436_5.jpg,2
1999,100\000437_1.jpg,0
2000,100\000437_2.jpg,0
2001,100\000437_3.jpg,0
2002,100\000437_4.jpg,0
2003,100\000438_1.jpg,0
2004,100\000438_2.jpg,0
2005,100\000438_3.jpg,0
2006,100\000438_4.jpg,0
2007,100\000438_5.jpg,0
2008,100\000439_1.jpg,0
2009,100\000439_2.jpg,0
2010,100\000439_3.jpg,0
2011,100\000439_4.jpg,0
2012,100\000439_5.jpg,0
2013,100\000440_1.jpg,0
2014,100\000440_2.jpg,0
2015,100\000440_3.jpg,0
2016,100\000440_4.jpg,2
2017,100\000440_5.jpg,2
2018,100\000441_1.jpg,0
2019,100\000441_2.jpg,0
2020,100\000441_3.jpg,0
2021,100\000441_4.jpg,0
2022,100\000441_5.jpg,0
2023,100\000442_1.jpg,0
2024,100\000442_2.jpg,0
2025,100\000442_3.jpg,0
2026,100\000442_4.jpg,2
2027,100\000443_1.jpg,0
2028,100\000443_2.jpg,2
2029,100\000443_3.jpg,0
2030,100\000443_4.jpg,2
2031,100\000443_5.jpg,2
2032,100\000444_1.jpg,0
2033,100\000444_2.jpg,0
2034,100\000444_3.jpg,2
2035,100\000444_4.jpg,0
2036,100\000444_5.jpg,0
2037,100\000445_1.jpg,0
2038,100\000445_2.jpg,0
2039,100\000445_3.jpg,0
2040,100\000445_4.jpg,0
2041,100\000446_1.jpg,0
2042,100\000446_2.jpg,0
2043,100\000446_3.jpg,2
2044,100\000446_4.jpg,0
2045,100\000446_5.jpg,2
2046,100\000447_1.jpg,0
2047,100\000447_2.jpg,0
2048,100\000447_3.jpg,0
2049,100\000447_4.jpg,2
2050,100\000447_5.jpg,0
2051,100\000448_1.jpg,0
2052,100\000448_2.jpg,1
2053,100\000448_3.jpg,0
2054,100\000448_4.jpg,2
2055,100\000448_5.jpg,0
2056,100\000449_1.jpg,2
2057,100\000449_2.jpg,0
2058,100\000449_3.jpg,0
2059,100\000449_4.jpg,0
2060,100\000450_1.jpg,0
2061,100\000450_2.jpg,0
2062,100\000450_3.jpg,0
2063,100\000450_4.jpg,0
2064,100\000450_5.jpg,2
2065,100\000451_1.jpg,0
2066,100\000451_2.jpg,0
2067,100\000451_3.jpg,2
2068,100\000451_4.jpg,0
2069,100\000452_1.jpg,0
2070,100\000452_2.jpg,0
2071,100\000452_3.jpg,0
2072,100\000452_4.jpg,0
2073,100\000452_5.jpg,0
2074,100\000453_1.jpg,0
2075,100\000453_2.jpg,0
2076,100\000453_3.jpg,0
2077,100\000453_4.jpg,0
2078,100\000453_5.jpg,2
2079,100\000454_1.jpg,0
2080,100\000454_2.jpg,0
2081,100\000454_3.jpg,0
2082,100\000454_4.jpg,0
2083,100\000454_5.jpg,0
2084,100\000455_1.jpg,0
2085,100\000455_2.jpg,0
2086,100\000455_3.jpg,0
2087,100\000455_4.jpg,0
2088,100\000455_5.jpg,0
2089,100\000456_1.jpg,0
2090,100\000456_2.jpg,0
2091,100\000456_3.jpg,0
2092,100\000456_4.jpg,0
2093,100\000457_1.jpg,0
2094,100\000457_2.jpg,0
2095,100\000457_3.jpg,0
2096,100\000457_4.jpg,0
2097,100\000457_5.jpg,0
2098,100\000458_1.jpg,0
2099,100\000458_2.jpg,0
2100,100\000458_3.jpg,0
2101,100\000458_4.jpg,0
2102,100\000459_1.jpg,2
2103,100\000459_2.jpg,0
2104,100\000459_3.jpg,0
2105,100\000459_4.jpg,0
2106,100\000459_5.jpg,0
2107,100\000460_1.jpg,0
2108,100\000460_2.jpg,0
2109,100\000460_3.jpg,2
2110,100\000460_4.jpg,2
2111,100\000460_5.jpg,2
2112,100\000461_1.jpg,2
2113,100\000461_2.jpg,0
2114,100\000461_3.jpg,0
2115,100\000461_4.jpg,0
2116,100\000461_5.jpg,0
2117,100\000462_1.jpg,0
2118,100\000462_2.jpg,0
2119,100\000462_3.jpg,0
2120,100\000462_4.jpg,0
2121,100\000463_1.jpg,0
2122,100\000463_2.jpg,0
2123,100\000463_3.jpg,0
2124,100\000463_4.jpg,0
2125,100\000464_1.jpg,0
2126,100\000464_2.jpg,2
2127,100\000464_3.jpg,0
2128,100\000464_4.jpg,0
2129,100\000464_5.jpg,0
2130,100\000465_1.jpg,0
2131,100\000465_2.jpg,0
2132,100\000465_3.jpg,0
2133,100\000465_4.jpg,0
2134,100\000466_1.jpg,2
2135,100\000466_2.jpg,0
2136,100\000466_3.jpg,0
2137,100\000466_4.jpg,0
2138,100\000466_5.jpg,0
2139,100\000467_1.jpg,2
2140,100\000467_2.jpg,0
2141,100\000467_3.jpg,0
2142,100\000467_4.jpg,0
2143,100\000467_5.jpg,0
2144,100\000468_1.jpg,2
2145,100\000468_2.jpg,2
2146,100\000468_3.jpg,0
2147,100\000468_4.jpg,0
2148,100\000468_5.jpg,0
2149,100\000469_1.jpg,2
2150,100\000469_2.jpg,0
2151,100\000469_3.jpg,1
2152,100\000469_4.jpg,0
2153,100\000469_5.jpg,0
2154,100\000470_1.jpg,0
2155,100\000470_2.jpg,0
2156,100\000470_3.jpg,0
2157,100\000470_4.jpg,0
2158,100\000470_5.jpg,0
2159,100\000471_1.jpg,0
2160,100\000471_2.jpg,0
2161,100\000471_3.jpg,0
2162,100\000471_4.jpg,0
2163,100\000471_5.jpg,0
2164,100\000472_1.jpg,0
2165,100\000472_2.jpg,2
2166,100\000472_3.jpg,0
2167,100\000472_4.jpg,0
2168,100\000472_5.jpg,0
2169,100\000473_1.jpg,0
2170,100\000473_2.jpg,0
2171,100\000473_3.jpg,0
2172,100\000473_4.jpg,0
2173,100\000473_5.jpg,0
2174,100\000474_1.jpg,0
2175,100\000474_2.jpg,0
2176,100\000474_3.jpg,0
2177,100\000474_4.jpg,0
2178,100\000475_1.jpg,0
2179,100\000475_2.jpg,0
2180,100\000475_3.jpg,1
2181,100\000475_4.jpg,0
2182,100\000475_5.jpg,0
2183,100\000476_1.jpg,0
2184,100\000476_2.jpg,0
2185,100\000476_3.jpg,0
2186,100\000476_4.jpg,0
2187,100\000476_5.jpg,0
2188,100\000477_1.jpg,0
2189,100\000477_2.jpg,0
2190,100\000477_3.jpg,0
2191,100\000477_4.jpg,0
2192,100\000477_5.jpg,0
2193,100\000478_1.jpg,0
2194,100\000478_2.jpg,0
2195,100\000478_3.jpg,0
2196,100\000478_4.jpg,0
2197,100\000478_5.jpg,0
2198,100\000479_1.jpg,0
2199,100\000479_2.jpg,2
2200,100\000479_3.jpg,0
2201,100\000479_4.jpg,0
2202,100\000479_5.jpg,0
2203,100\000480_1.jpg,0
2204,100\000480_2.jpg,0
2205,100\000480_3.jpg,0
2206,100\000480_4.jpg,0
2207,100\000480_5.jpg,2
2208,100\000481_1.jpg,0
2209,100\000481_2.jpg,0
2210,100\000481_3.jpg,0
2211,100\000481_4.jpg,0
2212,100\000481_5.jpg,0
2213,100\000482_1.jpg,0
2214,100\000482_2.jpg,0
2215,100\000482_3.jpg,0
2216,100\000482_4.jpg,0
2217,100\000482_5.jpg,0
2218,100\000483_1.jpg,0
2219,100\000483_2.jpg,0
2220,100\000483_3.jpg,0
2221,100\000483_4.jpg,0
2222,100\000483_5.jpg,0
2223,100\000484_1.jpg,0
2224,100\000484_2.jpg,0
2225,100\000484_3.jpg,0
2226,100\000484_4.jpg,2
2227,100\000485_1.jpg,0
2228,100\000485_2.jpg,0
2229,100\000485_3.jpg,2
2230,100\000485_4.jpg,0
2231,100\000485_5.jpg,0
2232,100\000486_1.jpg,0
2233,100\000486_2.jpg,2
2234,100\000486_3.jpg,0
2235,100\000486_4.jpg,2
2236,100\000486_5.jpg,2
2237,100\000487_1.jpg,0
2238,100\000487_2.jpg,2
2239,100\000487_3.jpg,0
2240,100\000487_4.jpg,0
2241,100\000488_1.jpg,0
2242,100\000488_2.jpg,0
2243,100\000488_3.jpg,0
2244,100\000488_4.jpg,2
2245,100\000488_5.jpg,0
2246,100\000489_1.jpg,0
2247,100\000489_2.jpg,0
2248,100\000489_3.jpg,0
2249,100\000489_4.jpg,0
2250,100\000489_5.jpg,0
2251,100\000490_1.jpg,0
2252,100\000490_2.jpg,2
2253,100\000490_3.jpg,0
2254,100\000490_4.jpg,0
2255,100\000490_5.jpg,0
2256,100\000491_1.jpg,0
2257,100\000491_2.jpg,0
2258,100\000491_3.jpg,0
2259,100\000491_4.jpg,0
2260,100\000492_1.jpg,1
2261,100\000492_2.jpg,0
2262,100\000492_3.jpg,0
2263,100\000492_4.jpg,0
2264,100\000492_5.jpg,0
2265,100\000493_1.jpg,0
2266,100\000493_2.jpg,0
2267,100\000493_3.jpg,0
2268,100\000493_4.jpg,0
2269,100\000493_5.jpg,0
2270,100\000494_1.jpg,0
2271,100\000494_2.jpg,0
2272,100\000494_3.jpg,0
2273,100\000494_4.jpg,0
2274,100\000495_1.jpg,0
2275,100\000495_2.jpg,0
2276,100\000495_3.jpg,2
2277,100\000495_4.jpg,0
2278,100\000495_5.jpg,0
2279,100\000496_1.jpg,0
2280,100\000496_2.jpg,0
2281,100\000496_3.jpg,0
2282,100\000496_4.jpg,0
2283,100\000496_5.jpg,0
2284,100\000497_1.jpg,0
2285,100\000497_2.jpg,0
2286,100\000497_3.jpg,0
2287,100\000497_4.jpg,2
2288,100\000497_5.jpg,0
2289,100\000498_1.jpg,0
2290,100\000498_2.jpg,0
2291,100\000498_3.jpg,0
2292,100\000498_4.jpg,0
2293,100\000498_5.jpg,0
2294,100\000499_1.jpg,0
2295,100\000499_2.jpg,0
2296,100\000499_3.jpg,0
2297,100\000499_4.jpg,1
2298,100\000499_5.jpg,0
2299,100\000500_1.jpg,0
2300,100\000500_2.jpg,0
2301,100\000500_3.jpg,2
2302,100\000500_4.jpg,0
2303,100\000501_1.jpg,0
2304,100\000501_2.jpg,0
2305,100\000501_3.jpg,0
2306,100\000501_4.jpg,0
2307,100\000502_1.jpg,0
2308,100\000502_2.jpg,0
2309,100\000502_3.jpg,2
2310,100\000502_4.jpg,0
2311,100\000502_5.jpg,0
2312,100\000503_1.jpg,0
2313,100\000503_2.jpg,0
2314,100\000503_3.jpg,0
2315,100\000503_4.jpg,0
2316,100\000503_5.jpg,0
2317,100\000504_1.jpg,0
2318,100\000504_2.jpg,2
2319,100\000504_3.jpg,0
2320,100\000504_4.jpg,0
2321,100\000505_1.jpg,0
2322,100\000505_2.jpg,0
2323,100\000505_3.jpg,0
2324,100\000505_4.jpg,0
2325,100\000505_5.jpg,0
2326,100\000506_1.jpg,0
2327,100\000506_2.jpg,0
2328,100\000506_3.jpg,2
2329,100\000506_4.jpg,0
2330,100\000506_5.jpg,0
2331,100\000507_1.jpg,0
2332,100\000507_2.jpg,0
2333,100\000507_3.jpg,0
2334,100\000507_4.jpg,0
2335,100\000508_1.jpg,0
2336,100\000508_2.jpg,0
2337,100\000508_3.jpg,0
2338,100\000508_4.jpg,0
2339,100\000508_5.jpg,0
2340,100\000509_1.jpg,0
2341,100\000509_2.jpg,0
2342,100\000509_3.jpg,0
2343,100\000509_4.jpg,2
2344,100\000509_5.jpg,0
2345,100\000510_1.jpg,0
2346,100\000510_2.jpg,0
2347,100\000510_3.jpg,0
2348,100\000510_4.jpg,2
2349,100\000510_5.jpg,0
2350,100\000511_1.jpg,0
2351,100\000511_2.jpg,0
2352,100\000511_3.jpg,0
2353,100\000511_4.jpg,0
2354,100\000511_5.jpg,1
2355,100\000512_1.jpg,0
2356,100\000512_2.jpg,0
2357,100\000512_3.jpg,0
2358,100\000512_4.jpg,0
2359,100\000512_5.jpg,0
2360,100\000513_1.jpg,0
2361,100\000513_2.jpg,0
2362,100\000513_3.jpg,0
2363,100\000513_4.jpg,0
2364,100\000513_5.jpg,2
2365,100\000514_1.jpg,0
2366,100\000514_2.jpg,0
2367,100\000514_3.jpg,2
2368,100\000514_4.jpg,0
2369,100\000515_1.jpg,0
2370,100\000515_2.jpg,0
2371,100\000515_3.jpg,0
2372,100\000515_4.jpg,0
2373,100\000515_5.jpg,1
2374,100\000516_1.jpg,0
2375,100\000516_2.jpg,0
2376,100\000516_3.jpg,0
2377,100\000516_4.jpg,0
2378,100\000516_5.jpg,0
2379,100\000517_1.jpg,0
2380,100\000517_2.jpg,0
2381,100\000517_3.jpg,0
2382,100\000517_4.jpg,0
2383,100\000517_5.jpg,0
2384,100\000518_1.jpg,0
2385,100\000518_2.jpg,0
2386,100\000518_3.jpg,0
2387,100\000518_4.jpg,0
2388,100\000519_1.jpg,0
2389,100\000519_2.jpg,0
2390,100\000519_3.jpg,0
2391,100\000519_4.jpg,0
2392,100\000520_1.jpg,0
2393,100\000520_2.jpg,0
2394,100\000520_3.jpg,2
2395,100\000520_4.jpg,0
2396,100\000521_1.jpg,0
2397,100\000521_2.jpg,0
2398,100\000521_3.jpg,0
2399,100\000521_4.jpg,0
2400,100\000521_5.jpg,0
2401,100\000522_1.jpg,0
2402,100\000522_2.jpg,0
2403,100\000522_3.jpg,0
2404,100\000522_4.jpg,0
2405,100\000522_5.jpg,0
2406,100\000523_1.jpg,0
2407,100\000523_2.jpg,0
2408,100\000523_3.jpg,0
2409,100\000523_4.jpg,2
2410,100\000524_1.jpg,2
2411,100\000524_2.jpg,2
2412,100\000524_3.jpg,0
2413,100\000524_4.jpg,0
2414,100\000525_1.jpg,0
2415,100\000525_2.jpg,0
2416,100\000525_3.jpg,0
2417,100\000525_4.jpg,0
2418,100\000525_5.jpg,0
2419,100\000526_1.jpg,0
2420,100\000526_2.jpg,0
2421,100\000526_3.jpg,0
2422,100\000526_4.jpg,0
2423,100\000526_5.jpg,0
2424,100\000527_1.jpg,0
2425,100\000527_2.jpg,0
2426,100\000527_3.jpg,0
2427,100\000527_4.jpg,0
2428,100\000527_5.jpg,0
2429,100\000528_1.jpg,0
2430,100\000528_2.jpg,0
2431,100\000528_3.jpg,0
2432,100\000528_4.jpg,0
2433,100\000528_5.jpg,0
2434,100\000529_1.jpg,0
2435,100\000529_2.jpg,0
2436,100\000529_3.jpg,0
2437,100\000529_4.jpg,0
2438,100\000529_5.jpg,0
2439,100\000530_1.jpg,0
2440,100\000530_2.jpg,0
2441,100\000530_3.jpg,0
2442,100\000530_4.jpg,1
2443,100\000531_1.jpg,0
2444,100\000531_2.jpg,0
2445,100\000531_3.jpg,0
2446,100\000531_4.jpg,2
2447,100\000531_5.jpg,2
2448,100\000532_1.jpg,0
2449,100\000532_2.jpg,0
2450,100\000532_3.jpg,1
2451,100\000532_4.jpg,0
2452,100\000533_1.jpg,0
2453,100\000533_2.jpg,0
2454,100\000533_3.jpg,0
2455,100\000533_4.jpg,0
2456,100\000534_1.jpg,1
2457,100\000534_2.jpg,0
2458,100\000534_3.jpg,0
2459,100\000534_4.jpg,0
2460,100\000534_5.jpg,2
2461,100\000535_1.jpg,0
2462,100\000535_2.jpg,0
2463,100\000535_3.jpg,0
2464,100\000535_4.jpg,0
2465,100\000535_5.jpg,0
2466,100\000536_1.jpg,0
2467,100\000536_2.jpg,0
2468,100\000536_3.jpg,2
2469,100\000536_4.jpg,0
2470,100\000536_5.jpg,0
2471,100\000537_1.jpg,2
2472,100\000537_2.jpg,0
2473,100\000537_3.jpg,0
2474,100\000537_4.jpg,0
2475,100\000538_1.jpg,0
2476,100\000538_2.jpg,0
2477,100\000538_3.jpg,0
2478,100\000538_4.jpg,0
2479,100\000538_5.jpg,0
2480,100\000539_1.jpg,0
2481,100\000539_2.jpg,2
2482,100\000539_3.jpg,0
2483,100\000539_4.jpg,0
2484,100\000539_5.jpg,0
2485,100\000540_1.jpg,0
2486,100\000540_2.jpg,0
2487,100\000540_3.jpg,0
2488,100\000540_4.jpg,0
2489,100\000541_1.jpg,0
2490,100\000541_2.jpg,0
2491,100\000541_3.jpg,0
2492,100\000541_4.jpg,0
2493,100\000541_5.jpg,0
2494,100\000542_1.jpg,0
2495,100\000542_2.jpg,0
2496,100\000542_3.jpg,0
2497,100\000542_4.jpg,0
2498,100\000543_1.jpg,0
2499,100\000543_2.jpg,0
2500,100\000543_3.jpg,0
2501,100\000543_4.jpg,0
2502,100\000543_5.jpg,0
2503,100\000544_1.jpg,0
2504,100\000544_2.jpg,0
2505,100\000544_3.jpg,0
2506,100\000544_4.jpg,0
2507,100\000544_5.jpg,0
2508,100\000545_1.jpg,1
2509,100\000545_2.jpg,0
2510,100\000545_3.jpg,1
2511,100\000545_4.jpg,2
2512,100\000545_5.jpg,0
2513,100\000546_1.jpg,0
2514,100\000546_2.jpg,0
2515,100\000546_3.jpg,0
2516,100\000546_4.jpg,0
2517,100\000546_5.jpg,0
2518,100\000547_1.jpg,0
2519,100\000547_2.jpg,0
2520,100\000547_3.jpg,0
2521,100\000547_4.jpg,0
2522,100\000547_5.jpg,2
2523,100\000548_1.jpg,0
2524,100\000548_2.jpg,0
2525,100\000548_3.jpg,0
2526,100\000548_4.jpg,0
2527,100\000549_1.jpg,0
2528,100\000549_2.jpg,0
2529,100\000549_3.jpg,0
2530,100\000549_4.jpg,0
2531,100\000549_5.jpg,0
2532,100\000550_1.jpg,0
2533,100\000550_2.jpg,0
2534,100\000550_3.jpg,0
2535,100\000550_4.jpg,0
2536,100\000550_5.jpg,0
2537,100\000551_1.jpg,0
2538,100\000551_2.jpg,0
2539,100\000551_3.jpg,0
2540,100\000551_4.jpg,0
2541,100\000551_5.jpg,0
2542,100\000552_1.jpg,0
2543,100\000552_2.jpg,0
2544,100\000552_3.jpg,0
2545,100\000552_4.jpg,0
2546,100\000553_1.jpg,0
2547,100\000553_2.jpg,0
2548,100\000553_3.jpg,0
2549,100\000553_4.jpg,0
2550,100\000553_5.jpg,0
2551,100\000554_1.jpg,0
2552,100\000554_2.jpg,0
2553,100\000554_3.jpg,0
2554,100\000554_4.jpg,0
2555,100\000555_1.jpg,0
2556,100\000555_2.jpg,0
2557,100\000555_3.jpg,0
2558,100\000555_4.jpg,0
2559,100\000556_1.jpg,0
2560,100\000556_2.jpg,2
2561,100\000556_3.jpg,2
2562,100\000556_4.jpg,0
2563,100\000556_5.jpg,0
2564,100\000557_1.jpg,0
2565,100\000557_2.jpg,1
2566,100\000557_3.jpg,0
2567,100\000557_4.jpg,0
2568,100\000558_1.jpg,0
2569,100\000558_2.jpg,0
2570,100\000558_3.jpg,0
2571,100\000558_4.jpg,1
2572,100\000559_1.jpg,0
2573,100\000559_2.jpg,0
2574,100\000559_3.jpg,0
2575,100\000559_4.jpg,0
2576,100\000559_5.jpg,2
2577,100\000560_1.jpg,0
2578,100\000560_2.jpg,0
2579,100\000560_3.jpg,2
2580,100\000560_4.jpg,0
2581,100\000560_5.jpg,0
2582,100\000561_1.jpg,0
2583,100\000561_2.jpg,0
2584,100\000561_3.jpg,0
2585,100\000561_4.jpg,0
2586,100\000561_5.jpg,0
2587,100\000562_1.jpg,0
2588,100\000562_2.jpg,2
2589,100\000562_3.jpg,0
2590,100\000562_4.jpg,0
2591,100\000562_5.jpg,0
2592,100\000563_1.jpg,0
2593,100\000563_2.jpg,0
2594,100\000563_3.jpg,2
2595,100\000563_4.jpg,0
2596,100\000564_1.jpg,0
2597,100\000564_2.jpg,0
2598,100\000564_3.jpg,0
2599,100\000564_4.jpg,0
2600,100\000565_1.jpg,0
2601,100\000565_2.jpg,0
2602,100\000565_3.jpg,0
2603,100\000565_4.jpg,0
2604,100\000566_1.jpg,0
2605,100\000566_2.jpg,0
2606,100\000566_3.jpg,0
2607,100\000566_4.jpg,0
2608,100\000567_1.jpg,0
2609,100\000567_2.jpg,0
2610,100\000567_3.jpg,0
2611,100\000567_4.jpg,1
2612,100\000567_5.jpg,0
2613,100\000568_1.jpg,0
2614,100\000568_2.jpg,0
2615,100\000568_3.jpg,0
2616,100\000568_4.jpg,0
2617,100\000568_5.jpg,0
2618,100\000569_1.jpg,0
2619,100\000569_2.jpg,0
2620,100\000569_3.jpg,0
2621,100\000569_4.jpg,0
2622,100\000569_5.jpg,0
2623,100\000570_1.jpg,0
2624,100\000570_2.jpg,0
2625,100\000570_3.jpg,0
2626,100\000570_4.jpg,2
2627,100\000570_5.jpg,2
2628,100\000571_1.jpg,0
2629,100\000571_2.jpg,0
2630,100\000571_3.jpg,0
2631,100\000571_4.jpg,0
2632,100\000571_5.jpg,0
2633,100\000572_1.jpg,0
2634,100\000572_2.jpg,2
2635,100\000572_3.jpg,0
2636,100\000572_4.jpg,0
2637,100\000573_1.jpg,0
2638,100\000573_2.jpg,0
2639,100\000573_3.jpg,0
2640,100\000573_4.jpg,0
2641,100\000574_1.jpg,0
2642,100\000574_2.jpg,0
2643,100\000574_3.jpg,0
2644,100\000574_4.jpg,0
2645,100\000574_5.jpg,0
2646,100\000575_1.jpg,0
2647,100\000575_2.jpg,0
2648,100\000575_3.jpg,0
2649,100\000575_4.jpg,0
2650,100\000575_5.jpg,0
2651,100\000576_1.jpg,0
2652,100\000576_2.jpg,0
2653,100\000576_3.jpg,0
2654,100\000576_4.jpg,0
2655,100\000576_5.jpg,0
2656,100\000577_1.jpg,0
2657,100\000577_2.jpg,0
2658,100\000577_3.jpg,0
2659,100\000577_4.jpg,0
2660,100\000577_5.jpg,0
2661,100\000578_1.jpg,0
2662,100\000578_2.jpg,0
2663,100\000578_3.jpg,0
2664,100\000578_4.jpg,2
2665,100\000578_5.jpg,1
2666,100\000579_1.jpg,2
2667,100\000579_2.jpg,0
2668,100\000579_3.jpg,0
2669,100\000579_4.jpg,0
2670,100\000579_5.jpg,0
2671,100\000580_1.jpg,0
2672,100\000580_2.jpg,2
2673,100\000580_3.jpg,0
2674,100\000580_4.jpg,0
2675,100\000581_1.jpg,0
2676,100\000581_2.jpg,0
2677,100\000581_3.jpg,0
2678,100\000581_4.jpg,0
2679,100\000581_5.jpg,2
2680,100\000582_1.jpg,0
2681,100\000582_2.jpg,0
2682,100\000582_3.jpg,0
2683,100\000582_4.jpg,0
2684,100\000582_5.jpg,2
2685,100\000583_1.jpg,0
2686,100\000583_2.jpg,0
2687,100\000583_3.jpg,0
2688,100\000583_4.jpg,0
2689,100\000584_1.jpg,0
2690,100\000584_2.jpg,0
2691,100\000584_3.jpg,0
2692,100\000584_4.jpg,0
2693,100\000585_1.jpg,0
2694,100\000585_2.jpg,2
2695,100\000585_3.jpg,0
2696,100\000585_4.jpg,0
2697,100\000585_5.jpg,0
2698,100\000586_1.jpg,0
2699,100\000586_2.jpg,0
2700,100\000586_3.jpg,0
2701,100\000586_4.jpg,0
2702,100\000587_1.jpg,0
2703,100\000587_2.jpg,0
2704,100\000587_3.jpg,0
2705,100\000587_4.jpg,0
2706,100\000588_1.jpg,0
2707,100\000588_2.jpg,0
2708,100\000588_3.jpg,0
2709,100\000588_4.jpg,0
2710,100\000588_5.jpg,0
2711,100\000589_1.jpg,0
2712,100\000589_2.jpg,0
2713,100\000589_3.jpg,0
2714,100\000589_4.jpg,0
2715,100\000590_1.jpg,0
2716,100\000590_2.jpg,0
2717,100\000590_3.jpg,0
2718,100\000590_4.jpg,0
2719,100\000590_5.jpg,0
2720,100\000591_1.jpg,0
2721,100\000591_2.jpg,0
2722,100\000591_3.jpg,0
2723,100\000591_4.jpg,0
2724,100\000592_1.jpg,0
2725,100\000592_2.jpg,0
2726,100\000592_3.jpg,0
2727,100\000592_4.jpg,0
2728,100\000593_1.jpg,1
2729,100\000593_2.jpg,0
2730,100\000593_3.jpg,0
2731,100\000593_4.jpg,0
2732,100\000593_5.jpg,0
2733,100\000594_1.jpg,0
2734,100\000594_2.jpg,0
2735,100\000594_3.jpg,0
2736,100\000594_4.jpg,0
2737,100\000594_5.jpg,0
2738,100\000595_1.jpg,0
2739,100\000595_2.jpg,0
2740,100\000595_3.jpg,0
2741,100\000595_4.jpg,0
2742,100\000595_5.jpg,0
2743,100\000596_1.jpg,0
2744,100\000596_2.jpg,0
2745,100\000596_3.jpg,0
2746,100\000596_4.jpg,0
2747,100\000597_1.jpg,0
2748,100\000597_2.jpg,0
2749,100\000597_3.jpg,2
2750,100\000597_4.jpg,0
2751,100\000597_5.jpg,0
2752,100\000598_1.jpg,0
2753,100\000598_2.jpg,0
2754,100\000598_3.jpg,2
2755,100\000598_4.jpg,0
2756,100\000598_5.jpg,0
2757,100\000599_1.jpg,2
2758,100\000599_2.jpg,0
2759,100\000599_3.jpg,0
2760,100\000599_4.jpg,0
2761,100\000599_5.jpg,0
2762,100\000600_1.jpg,0
2763,100\000600_2.jpg,0
2764,100\000600_3.jpg,2
2765,100\000600_4.jpg,0
2766,100\000600_5.jpg,0
