,map_id,img_name,counts,my_dis,car_dis
0,000001,1.jpg,0,0.0,0.0
1,000001,2.jpg,0,0.0,0.0
2,000001,3.jpg,0,0.0,0.0
3,000001,4.jpg,0,0.0,0.0
4,000001,5.jpg,1,675.0,0.0
5,000002,1.jpg,5,453.0,40.0
6,000002,2.jpg,4,434.0,66.0
7,000002,3.jpg,4,447.0,75.0
8,000002,4.jpg,6,436.0,34.0
9,000002,5.jpg,7,369.0,28.0
10,000003,1.jpg,4,499.0,141.0
11,000003,2.jpg,5,241.0,38.0
12,000003,3.jpg,6,330.0,88.0
13,000003,4.jpg,5,445.0,108.0
14,000003,5.jpg,5,276.0,53.0
15,000004,1.jpg,0,0.0,0.0
16,000004,2.jpg,1,924.0,0.0
17,000004,3.jpg,1,469.0,0.0
18,000004,4.jpg,3,337.0,55.0
19,000004,5.jpg,2,348.0,177.0
20,000005,1.jpg,9,232.0,13.0
21,000005,2.jpg,10,255.0,1.0
22,000005,3.jpg,10,277.0,14.0
23,000005,4.jpg,5,215.0,5.0
24,000005,5.jpg,4,130.0,29.0
25,000006,1.jpg,0,0.0,0.0
26,000006,2.jpg,0,0.0,0.0
27,000006,3.jpg,0,0.0,0.0
28,000006,4.jpg,0,0.0,0.0
29,000006,5.jpg,0,0.0,0.0
30,000007,1.jpg,2,334.0,205.0
31,000007,2.jpg,2,326.0,653.0
32,000007,3.jpg,2,399.0,126.0
33,000007,4.jpg,2,299.0,341.0
34,000008,1.jpg,9,496.0,12.0
35,000008,2.jpg,8,507.0,25.0
36,000008,3.jpg,7,500.0,59.0
37,000009,1.jpg,4,184.0,66.0
38,000009,2.jpg,5,243.0,103.0
39,000009,3.jpg,3,230.0,156.0
40,000009,4.jpg,2,159.0,319.0
41,000009,5.jpg,4,337.0,152.0
42,000010,1.jpg,5,370.0,2.0
43,000010,2.jpg,2,373.0,200.0
44,000010,3.jpg,0,0.0,0.0
45,000010,4.jpg,0,0.0,0.0
46,000011,1.jpg,7,354.0,64.0
47,000011,2.jpg,7,313.0,71.0
48,000011,3.jpg,7,277.0,59.0
49,000011,4.jpg,8,244.0,20.0
50,000012,1.jpg,1,647.0,0.0
51,000012,2.jpg,5,488.0,31.0
52,000012,3.jpg,6,445.0,64.0
53,000012,4.jpg,2,670.0,786.0
54,000012,5.jpg,5,785.0,54.0
55,000013,1.jpg,3,536.0,84.0
56,000013,2.jpg,4,552.0,74.0
57,000013,3.jpg,4,581.0,72.0
58,000013,4.jpg,5,520.0,54.0
59,000013,5.jpg,5,546.0,72.0
60,000014,1.jpg,4,216.0,16.0
61,000014,2.jpg,4,254.0,72.0
62,000014,3.jpg,5,356.0,15.0
63,000014,4.jpg,2,544.0,60.0
64,000014,5.jpg,1,591.0,0.0
65,000015,1.jpg,7,281.0,27.0
66,000015,2.jpg,8,386.0,79.0
67,000015,3.jpg,10,337.0,50.0
68,000015,4.jpg,10,290.0,45.0
69,000016,1.jpg,10,401.0,5.0
70,000016,2.jpg,9,477.0,21.0
71,000016,3.jpg,7,384.0,44.0
72,000016,4.jpg,6,353.0,65.0
73,000016,5.jpg,7,431.0,58.0
74,000017,1.jpg,3,1015.0,37.0
75,000017,2.jpg,4,1032.0,20.0
76,000017,3.jpg,2,558.0,1117.0
77,000017,4.jpg,4,1006.0,26.0
78,000017,5.jpg,4,830.0,29.0
79,000018,1.jpg,2,241.0,130.0
80,000018,2.jpg,5,153.0,51.0
81,000018,3.jpg,6,257.0,53.0
82,000018,4.jpg,6,245.0,62.0
83,000018,5.jpg,6,351.0,91.0
84,000019,1.jpg,0,0.0,0.0
85,000019,2.jpg,0,0.0,0.0
86,000019,3.jpg,0,0.0,0.0
87,000019,4.jpg,0,0.0,0.0
88,000020,1.jpg,1,323.0,0.0
89,000020,2.jpg,2,278.0,119.0
90,000020,3.jpg,2,222.0,225.0
91,000020,4.jpg,1,327.0,0.0
92,000020,5.jpg,1,326.0,0.0
93,000021,1.jpg,1,250.0,0.0
94,000021,2.jpg,1,258.0,0.0
95,000021,3.jpg,1,230.0,0.0
96,000021,4.jpg,2,179.0,84.0
97,000021,5.jpg,2,123.0,57.0
98,000022,1.jpg,3,503.0,29.0
99,000022,2.jpg,3,505.0,29.0
100,000022,3.jpg,4,755.0,152.0
101,000022,4.jpg,3,803.0,246.0
102,000022,5.jpg,3,820.0,227.0
103,000023,1.jpg,7,228.0,67.0
104,000023,2.jpg,5,210.0,80.0
105,000023,3.jpg,7,177.0,8.0
106,000023,4.jpg,5,223.0,69.0
107,000024,1.jpg,9,274.0,12.0
108,000024,2.jpg,8,326.0,74.0
109,000024,3.jpg,10,413.0,49.0
110,000024,4.jpg,10,357.0,20.0
111,000024,5.jpg,8,403.0,65.0
112,000025,1.jpg,0,0.0,0.0
113,000025,2.jpg,0,0.0,0.0
114,000025,3.jpg,0,0.0,0.0
115,000025,4.jpg,0,0.0,0.0
116,000025,5.jpg,0,0.0,0.0
117,000026,1.jpg,2,465.0,804.0
118,000026,2.jpg,1,41.0,0.0
119,000026,3.jpg,1,139.0,0.0
120,000026,4.jpg,2,426.0,61.0
121,000026,5.jpg,3,754.0,60.0
122,000027,1.jpg,9,400.0,35.0
123,000027,2.jpg,4,476.0,77.0
124,000027,3.jpg,4,457.0,82.0
125,000027,4.jpg,3,395.0,169.0
126,000028,1.jpg,1,112.0,0.0
127,000028,2.jpg,5,434.0,25.0
128,000028,3.jpg,2,164.0,91.0
129,000028,4.jpg,2,96.0,158.0
130,000028,5.jpg,3,606.0,120.0
131,000029,1.jpg,12,383.0,8.0
132,000029,2.jpg,8,390.0,12.0
133,000029,3.jpg,4,353.0,58.0
134,000029,4.jpg,9,515.0,7.0
135,000029,5.jpg,7,384.0,19.0
136,000030,1.jpg,7,641.0,52.0
137,000030,2.jpg,5,507.0,18.0
138,000030,3.jpg,6,641.0,24.0
139,000030,4.jpg,5,708.0,34.0
140,000031,1.jpg,0,0.0,0.0
141,000031,2.jpg,0,0.0,0.0
142,000031,3.jpg,1,376.0,0.0
143,000031,4.jpg,1,69.0,0.0
144,000032,1.jpg,4,792.0,14.0
145,000032,2.jpg,1,678.0,0.0
146,000032,3.jpg,2,697.0,285.0
147,000032,4.jpg,1,499.0,0.0
148,000033,1.jpg,9,427.0,28.0
149,000033,2.jpg,8,489.0,20.0
150,000033,3.jpg,6,457.0,41.0
151,000033,4.jpg,7,473.0,36.0
152,000034,1.jpg,9,235.0,46.0
153,000034,2.jpg,11,247.0,28.0
154,000034,3.jpg,8,304.0,21.0
155,000034,4.jpg,12,374.0,5.0
156,000034,5.jpg,11,404.0,6.0
157,000035,1.jpg,4,363.0,34.0
158,000035,2.jpg,2,384.0,234.0
159,000035,3.jpg,1,530.0,0.0
160,000035,4.jpg,4,371.0,53.0
161,000035,5.jpg,4,308.0,50.0
162,000036,1.jpg,5,184.0,45.0
163,000036,2.jpg,4,186.0,78.0
164,000036,3.jpg,1,59.0,0.0
165,000036,4.jpg,1,22.0,0.0
166,000036,5.jpg,0,0.0,0.0
167,000037,1.jpg,2,309.0,258.0
168,000037,2.jpg,1,498.0,0.0
169,000037,3.jpg,1,633.0,0.0
170,000037,4.jpg,1,884.0,0.0
171,000038,1.jpg,7,833.0,3.0
172,000038,2.jpg,6,790.0,4.0
173,000038,3.jpg,5,275.0,10.0
174,000038,4.jpg,1,354.0,0.0
175,000038,5.jpg,1,346.0,0.0
176,000039,1.jpg,2,348.0,419.0
177,000039,2.jpg,2,103.0,61.0
178,000039,3.jpg,2,73.0,147.0
179,000039,4.jpg,1,137.0,0.0
180,000039,5.jpg,1,136.0,0.0
181,000040,1.jpg,2,355.0,362.0
182,000040,2.jpg,2,136.0,272.0
183,000040,3.jpg,5,482.0,22.0
184,000040,4.jpg,1,195.0,0.0
185,000040,5.jpg,2,57.0,115.0
186,000041,1.jpg,12,375.0,26.0
187,000041,2.jpg,10,378.0,10.0
188,000041,3.jpg,7,452.0,31.0
189,000041,4.jpg,7,422.0,40.0
190,000042,1.jpg,0,0.0,0.0
191,000042,2.jpg,3,318.0,176.0
192,000042,3.jpg,1,346.0,0.0
193,000042,4.jpg,1,459.0,0.0
194,000042,5.jpg,3,748.0,55.0
195,000043,1.jpg,3,328.0,67.0
196,000043,2.jpg,3,288.0,61.0
197,000043,3.jpg,2,375.0,206.0
198,000043,4.jpg,1,385.0,0.0
199,000044,1.jpg,2,231.0,53.0
200,000044,2.jpg,3,548.0,11.0
201,000044,3.jpg,3,193.0,32.0
202,000044,4.jpg,4,260.0,67.0
203,000045,1.jpg,1,438.0,0.0
204,000045,2.jpg,1,427.0,0.0
205,000045,3.jpg,3,367.0,23.0
206,000045,4.jpg,4,235.0,60.0
207,000045,5.jpg,1,440.0,0.0
208,000046,1.jpg,0,0.0,0.0
209,000046,2.jpg,0,0.0,0.0
210,000046,3.jpg,0,0.0,0.0
211,000046,4.jpg,1,373.0,0.0
212,000046,5.jpg,2,710.0,34.0
213,000047,1.jpg,5,286.0,142.0
214,000047,2.jpg,5,286.0,139.0
215,000047,3.jpg,6,270.0,108.0
216,000047,4.jpg,6,292.0,109.0
217,000048,1.jpg,0,0.0,0.0
218,000048,2.jpg,0,0.0,0.0
219,000048,3.jpg,0,0.0,0.0
220,000048,4.jpg,0,0.0,0.0
221,000048,5.jpg,0,0.0,0.0
222,000049,1.jpg,7,165.0,29.0
223,000049,2.jpg,13,300.0,7.0
224,000049,3.jpg,11,221.0,11.0
225,000049,4.jpg,10,241.0,7.0
226,000050,1.jpg,15,465.0,10.0
227,000050,2.jpg,12,584.0,6.0
228,000050,3.jpg,8,548.0,36.0
229,000050,4.jpg,6,323.0,3.0
230,000050,5.jpg,6,364.0,10.0
231,000051,1.jpg,3,120.0,25.0
232,000051,2.jpg,6,150.0,56.0
233,000051,3.jpg,5,329.0,215.0
234,000051,4.jpg,4,316.0,259.0
235,000051,5.jpg,5,208.0,143.0
236,000052,1.jpg,3,312.0,62.0
237,000052,2.jpg,4,307.0,68.0
238,000052,3.jpg,2,193.0,386.0
239,000052,4.jpg,2,540.0,479.0
240,000053,1.jpg,2,66.0,132.0
241,000053,2.jpg,2,276.0,324.0
242,000053,3.jpg,2,80.0,161.0
243,000053,4.jpg,5,150.0,92.0
244,000053,5.jpg,1,266.0,0.0
245,000054,1.jpg,2,214.0,396.0
246,000054,2.jpg,0,0.0,0.0
247,000054,3.jpg,0,0.0,0.0
248,000054,4.jpg,0,0.0,0.0
249,000054,5.jpg,0,0.0,0.0
250,000055,1.jpg,8,246.0,15.0
251,000055,2.jpg,8,287.0,14.0
252,000055,3.jpg,4,306.0,114.0
253,000055,4.jpg,2,128.0,257.0
254,000056,1.jpg,4,563.0,5.0
255,000056,2.jpg,2,402.0,67.0
256,000056,3.jpg,4,519.0,181.0
257,000056,4.jpg,3,393.0,26.0
258,000056,5.jpg,3,395.0,28.0
259,000057,1.jpg,3,521.0,45.0
260,000057,2.jpg,4,582.0,91.0
261,000057,3.jpg,3,448.0,24.0
262,000057,4.jpg,3,426.0,30.0
263,000057,5.jpg,9,493.0,58.0
264,000058,1.jpg,7,230.0,11.0
265,000058,2.jpg,6,211.0,30.0
266,000058,3.jpg,6,328.0,19.0
267,000058,4.jpg,8,240.0,27.0
268,000058,5.jpg,6,217.0,22.0
269,000059,1.jpg,6,527.0,23.0
270,000059,2.jpg,6,411.0,80.0
271,000059,3.jpg,5,561.0,68.0
272,000059,4.jpg,5,527.0,82.0
273,000060,1.jpg,3,720.0,62.0
274,000060,2.jpg,9,400.0,32.0
275,000060,3.jpg,6,363.0,115.0
276,000060,4.jpg,9,579.0,21.0
277,000061,1.jpg,4,440.0,32.0
278,000061,2.jpg,5,543.0,21.0
279,000061,3.jpg,1,455.0,0.0
280,000061,4.jpg,1,462.0,0.0
281,000061,5.jpg,1,444.0,0.0
282,000062,1.jpg,0,0.0,0.0
283,000062,2.jpg,0,0.0,0.0
284,000062,3.jpg,0,0.0,0.0
285,000062,4.jpg,1,340.0,0.0
286,000062,5.jpg,2,216.0,199.0
287,000063,1.jpg,2,424.0,94.0
288,000063,2.jpg,2,420.0,81.0
289,000063,3.jpg,2,408.0,62.0
290,000063,4.jpg,2,418.0,72.0
291,000063,5.jpg,2,424.0,72.0
292,000064,1.jpg,7,393.0,4.0
293,000064,2.jpg,4,457.0,10.0
294,000064,3.jpg,6,591.0,4.0
295,000064,4.jpg,8,622.0,6.0
296,000064,5.jpg,8,555.0,3.0
297,000065,1.jpg,2,264.0,299.0
298,000065,2.jpg,4,208.0,81.0
299,000065,3.jpg,4,208.0,49.0
300,000065,4.jpg,4,250.0,73.0
301,000066,1.jpg,1,375.0,0.0
302,000066,2.jpg,1,317.0,0.0
303,000066,3.jpg,3,167.0,97.0
304,000066,4.jpg,2,192.0,73.0
305,000067,1.jpg,0,0.0,0.0
306,000067,2.jpg,3,148.0,96.0
307,000067,3.jpg,0,0.0,0.0
308,000067,4.jpg,0,0.0,0.0
309,000067,5.jpg,0,0.0,0.0
310,000068,1.jpg,5,422.0,89.0
311,000068,2.jpg,6,238.0,11.0
312,000068,3.jpg,2,82.0,127.0
313,000068,4.jpg,2,205.0,411.0
314,000069,1.jpg,3,308.0,107.0
315,000069,2.jpg,2,253.0,95.0
316,000069,3.jpg,3,202.0,58.0
317,000069,4.jpg,3,169.0,66.0
318,000069,5.jpg,3,251.0,79.0
319,000070,1.jpg,9,369.0,40.0
320,000070,2.jpg,7,461.0,57.0
321,000070,3.jpg,8,328.0,15.0
322,000070,4.jpg,7,341.0,28.0
323,000071,1.jpg,3,393.0,236.0
324,000071,2.jpg,5,451.0,138.0
325,000071,3.jpg,6,316.0,31.0
326,000071,4.jpg,8,363.0,10.0
327,000071,5.jpg,9,416.0,45.0
328,000072,1.jpg,4,612.0,88.0
329,000072,2.jpg,6,501.0,64.0
330,000072,3.jpg,6,415.0,62.0
331,000072,4.jpg,7,477.0,32.0
332,000073,1.jpg,2,536.0,116.0
333,000073,2.jpg,4,621.0,33.0
334,000073,3.jpg,7,537.0,62.0
335,000073,4.jpg,4,796.0,33.0
336,000073,5.jpg,1,506.0,0.0
337,000074,1.jpg,11,507.0,14.0
338,000074,2.jpg,14,458.0,8.0
339,000074,3.jpg,6,645.0,34.0
340,000074,4.jpg,4,452.0,50.0
341,000074,5.jpg,1,627.0,0.0
342,000075,1.jpg,1,534.0,0.0
343,000075,2.jpg,0,0.0,0.0
344,000075,3.jpg,0,0.0,0.0
345,000075,4.jpg,0,0.0,0.0
346,000075,5.jpg,0,0.0,0.0
347,000076,1.jpg,2,470.0,147.0
348,000076,2.jpg,1,445.0,0.0
349,000076,3.jpg,1,403.0,0.0
350,000076,4.jpg,1,415.0,0.0
351,000077,1.jpg,4,612.0,91.0
352,000077,2.jpg,5,585.0,69.0
353,000077,3.jpg,8,637.0,4.0
354,000077,4.jpg,10,580.0,17.0
355,000078,1.jpg,4,667.0,32.0
356,000078,2.jpg,2,245.0,491.0
357,000078,3.jpg,4,573.0,102.0
358,000078,4.jpg,4,492.0,79.0
359,000078,5.jpg,6,781.0,17.0
360,000079,1.jpg,5,297.0,12.0
361,000079,2.jpg,6,288.0,37.0
362,000079,3.jpg,8,230.0,11.0
363,000079,4.jpg,10,346.0,24.0
364,000079,5.jpg,8,365.0,19.0
365,000080,1.jpg,6,533.0,78.0
366,000080,2.jpg,6,457.0,59.0
367,000080,3.jpg,7,339.0,44.0
368,000080,4.jpg,3,368.0,144.0
369,000080,5.jpg,2,479.0,127.0
370,000081,1.jpg,5,332.0,47.0
371,000081,2.jpg,6,357.0,38.0
372,000081,3.jpg,6,374.0,35.0
373,000081,4.jpg,7,345.0,23.0
374,000081,5.jpg,3,375.0,106.0
375,000082,1.jpg,6,396.0,35.0
376,000082,2.jpg,6,518.0,25.0
377,000082,3.jpg,7,668.0,16.0
378,000082,4.jpg,6,487.0,46.0
379,000082,5.jpg,7,383.0,38.0
380,000083,1.jpg,13,453.0,29.0
381,000083,2.jpg,10,474.0,21.0
382,000083,3.jpg,11,481.0,33.0
383,000083,4.jpg,12,481.0,30.0
384,000083,5.jpg,15,530.0,10.0
385,000084,1.jpg,4,204.0,116.0
386,000084,2.jpg,3,124.0,89.0
387,000084,3.jpg,5,210.0,36.0
388,000084,4.jpg,7,192.0,58.0
389,000085,1.jpg,3,254.0,191.0
390,000085,2.jpg,4,353.0,35.0
391,000085,3.jpg,4,285.0,67.0
392,000085,4.jpg,5,229.0,44.0
393,000085,5.jpg,6,285.0,16.0
394,000086,1.jpg,3,521.0,272.0
395,000086,2.jpg,4,211.0,82.0
396,000086,3.jpg,4,416.0,246.0
397,000086,4.jpg,2,308.0,274.0
398,000086,5.jpg,3,273.0,134.0
399,000087,1.jpg,2,224.0,448.0
400,000087,2.jpg,2,255.0,497.0
401,000087,3.jpg,0,0.0,0.0
402,000087,4.jpg,0,0.0,0.0
403,000087,5.jpg,0,0.0,0.0
404,000088,1.jpg,4,208.0,81.0
405,000088,2.jpg,4,200.0,80.0
406,000088,3.jpg,4,193.0,84.0
407,000088,4.jpg,3,160.0,93.0
408,000089,1.jpg,8,295.0,13.0
409,000089,2.jpg,9,435.0,4.0
410,000089,3.jpg,9,481.0,8.0
411,000089,4.jpg,13,365.0,19.0
412,000089,5.jpg,8,269.0,14.0
413,000090,1.jpg,5,114.0,59.0
414,000090,2.jpg,3,124.0,127.0
415,000090,3.jpg,5,191.0,58.0
416,000090,4.jpg,4,340.0,37.0
417,000090,5.jpg,6,263.0,18.0
418,000091,1.jpg,0,0.0,0.0
419,000091,2.jpg,0,0.0,0.0
420,000091,3.jpg,0,0.0,0.0
421,000091,4.jpg,3,1015.0,127.0
422,000091,5.jpg,2,515.0,863.0
423,000092,1.jpg,0,0.0,0.0
424,000092,2.jpg,0,0.0,0.0
425,000092,3.jpg,0,0.0,0.0
426,000092,4.jpg,0,0.0,0.0
427,000093,1.jpg,4,203.0,124.0
428,000093,2.jpg,4,209.0,140.0
429,000093,3.jpg,3,296.0,301.0
430,000093,4.jpg,2,631.0,607.0
431,000093,5.jpg,3,610.0,0.0
432,000094,1.jpg,3,145.0,43.0
433,000094,2.jpg,4,160.0,34.0
434,000094,3.jpg,4,178.0,71.0
435,000094,4.jpg,6,119.0,1.0
436,000094,5.jpg,7,107.0,0.0
437,000095,1.jpg,7,597.0,5.0
438,000095,2.jpg,13,633.0,8.0
439,000095,3.jpg,8,509.0,19.0
440,000095,4.jpg,3,255.0,272.0
441,000095,5.jpg,5,636.0,66.0
442,000096,1.jpg,2,106.0,181.0
443,000096,2.jpg,3,180.0,79.0
444,000096,3.jpg,3,118.0,103.0
445,000096,4.jpg,5,158.0,18.0
446,000096,5.jpg,5,238.0,28.0
447,000097,1.jpg,8,431.0,18.0
448,000097,2.jpg,8,337.0,51.0
449,000097,3.jpg,13,432.0,9.0
450,000097,4.jpg,11,457.0,10.0
451,000098,1.jpg,7,295.0,3.0
452,000098,2.jpg,9,140.0,17.0
453,000098,3.jpg,8,191.0,19.0
454,000098,4.jpg,10,215.0,52.0
455,000098,5.jpg,6,207.0,72.0
456,000099,1.jpg,5,747.0,40.0
457,000099,2.jpg,6,787.0,33.0
458,000099,3.jpg,6,797.0,27.0
459,000099,4.jpg,6,748.0,45.0
460,000099,5.jpg,7,640.0,35.0
461,000100,1.jpg,1,1100.0,0.0
462,000100,2.jpg,0,0.0,0.0
463,000100,3.jpg,0,0.0,0.0
464,000100,4.jpg,1,271.0,0.0
465,000100,5.jpg,0,0.0,0.0
466,000101,1.jpg,2,323.0,522.0
467,000101,2.jpg,0,0.0,0.0
468,000101,3.jpg,0,0.0,0.0
469,000101,4.jpg,1,212.0,0.0
470,000102,1.jpg,4,342.0,145.0
471,000102,2.jpg,4,194.0,49.0
472,000102,3.jpg,2,257.0,214.0
473,000102,4.jpg,4,488.0,128.0
474,000103,1.jpg,2,443.0,174.0
475,000103,2.jpg,2,478.0,244.0
476,000103,3.jpg,3,475.0,135.0
477,000103,4.jpg,2,575.0,442.0
478,000103,5.jpg,3,554.0,219.0
479,000104,1.jpg,1,16.0,0.0
480,000104,2.jpg,3,51.0,1.0
481,000104,3.jpg,1,73.0,0.0
482,000104,4.jpg,1,88.0,0.0
483,000104,5.jpg,3,176.0,61.0
484,000105,1.jpg,3,204.0,209.0
485,000105,2.jpg,3,244.0,84.0
486,000105,3.jpg,2,125.0,222.0
487,000105,4.jpg,5,174.0,86.0
488,000105,5.jpg,4,249.0,161.0
489,000106,1.jpg,1,95.0,0.0
490,000106,2.jpg,0,0.0,0.0
491,000106,3.jpg,1,192.0,0.0
492,000106,4.jpg,0,0.0,0.0
493,000106,5.jpg,0,0.0,0.0
494,000107,1.jpg,2,121.0,243.0
495,000107,2.jpg,1,4.0,0.0
496,000107,3.jpg,1,24.0,0.0
497,000107,4.jpg,2,36.0,73.0
498,000107,5.jpg,4,92.0,10.0
499,000108,1.jpg,4,220.0,47.0
500,000108,2.jpg,3,125.0,62.0
501,000108,3.jpg,2,159.0,158.0
502,000108,4.jpg,1,114.0,0.0
503,000109,1.jpg,2,186.0,372.0
504,000109,2.jpg,2,139.0,146.0
505,000109,3.jpg,3,198.0,127.0
506,000109,4.jpg,0,0.0,0.0
507,000109,5.jpg,0,0.0,0.0
508,000110,1.jpg,5,288.0,189.0
509,000110,2.jpg,7,248.0,26.0
510,000110,3.jpg,7,356.0,55.0
511,000110,4.jpg,7,410.0,54.0
512,000110,5.jpg,8,383.0,56.0
513,000111,1.jpg,1,148.0,0.0
514,000111,2.jpg,2,464.0,929.0
515,000111,3.jpg,0,0.0,0.0
516,000111,4.jpg,1,31.0,0.0
517,000111,5.jpg,0,0.0,0.0
518,000112,1.jpg,8,207.0,28.0
519,000112,2.jpg,6,257.0,40.0
520,000112,3.jpg,6,286.0,36.0
521,000112,4.jpg,5,307.0,37.0
522,000112,5.jpg,4,264.0,59.0
523,000113,1.jpg,4,173.0,35.0
524,000113,2.jpg,5,163.0,18.0
525,000113,3.jpg,5,172.0,48.0
526,000113,4.jpg,3,170.0,148.0
527,000114,1.jpg,0,0.0,0.0
528,000114,2.jpg,0,0.0,0.0
529,000114,3.jpg,0,0.0,0.0
530,000114,4.jpg,0,0.0,0.0
531,000114,5.jpg,0,0.0,0.0
532,000115,1.jpg,3,144.0,61.0
533,000115,2.jpg,3,117.0,70.0
534,000115,3.jpg,2,117.0,235.0
535,000115,4.jpg,2,111.0,223.0
536,000115,5.jpg,5,207.0,23.0
537,000116,1.jpg,5,291.0,90.0
538,000116,2.jpg,3,349.0,180.0
539,000116,3.jpg,4,295.0,65.0
540,000116,4.jpg,3,431.0,188.0
541,000116,5.jpg,2,319.0,154.0
542,000117,1.jpg,7,468.0,21.0
543,000117,2.jpg,6,385.0,69.0
544,000117,3.jpg,6,474.0,76.0
545,000117,4.jpg,6,481.0,81.0
546,000117,5.jpg,6,423.0,74.0
547,000118,1.jpg,4,164.0,33.0
548,000118,2.jpg,4,278.0,151.0
549,000118,3.jpg,5,124.0,21.0
550,000118,4.jpg,4,157.0,15.0
551,000118,5.jpg,6,192.0,10.0
552,000119,1.jpg,0,0.0,0.0
553,000119,2.jpg,1,271.0,0.0
554,000119,3.jpg,1,270.0,0.0
555,000120,1.jpg,1,446.0,0.0
556,000120,2.jpg,1,479.0,0.0
557,000120,3.jpg,1,504.0,0.0
558,000120,4.jpg,2,566.0,53.0
559,000121,1.jpg,0,0.0,0.0
560,000121,2.jpg,1,838.0,0.0
561,000121,3.jpg,3,439.0,38.0
562,000121,4.jpg,2,299.0,598.0
563,000121,5.jpg,1,836.0,0.0
564,000122,1.jpg,1,108.0,0.0
565,000122,2.jpg,2,116.0,7.0
566,000122,3.jpg,2,256.0,334.0
567,000122,4.jpg,1,100.0,0.0
568,000123,1.jpg,10,430.0,19.0
569,000123,2.jpg,7,345.0,82.0
570,000123,3.jpg,8,364.0,84.0
571,000123,4.jpg,6,222.0,28.0
572,000123,5.jpg,9,203.0,12.0
573,000124,1.jpg,6,605.0,28.0
574,000124,2.jpg,4,337.0,28.0
575,000124,3.jpg,5,327.0,25.0
576,000124,4.jpg,5,331.0,27.0
577,000124,5.jpg,10,379.0,42.0
578,000125,1.jpg,4,649.0,76.0
579,000125,2.jpg,5,735.0,25.0
580,000125,3.jpg,2,550.0,343.0
581,000125,4.jpg,3,649.0,181.0
582,000125,5.jpg,2,528.0,495.0
583,000126,1.jpg,0,0.0,0.0
584,000126,2.jpg,0,0.0,0.0
585,000126,3.jpg,1,581.0,0.0
586,000126,4.jpg,0,0.0,0.0
587,000127,1.jpg,12,521.0,7.0
588,000127,2.jpg,8,484.0,9.0
589,000127,3.jpg,10,415.0,20.0
590,000127,4.jpg,10,505.0,6.0
591,000127,5.jpg,5,278.0,77.0
592,000128,1.jpg,4,311.0,51.0
593,000128,2.jpg,5,379.0,24.0
594,000128,3.jpg,3,569.0,60.0
595,000128,4.jpg,5,552.0,51.0
596,000129,1.jpg,5,795.0,30.0
597,000129,2.jpg,8,663.0,12.0
598,000129,3.jpg,5,530.0,38.0
599,000129,4.jpg,6,537.0,78.0
600,000129,5.jpg,9,383.0,15.0
601,000130,1.jpg,0,0.0,0.0
602,000130,2.jpg,0,0.0,0.0
603,000130,3.jpg,1,311.0,0.0
604,000130,4.jpg,0,0.0,0.0
605,000130,5.jpg,0,0.0,0.0
606,000131,1.jpg,2,296.0,593.0
607,000131,2.jpg,1,345.0,0.0
608,000131,3.jpg,0,0.0,0.0
609,000131,4.jpg,0,0.0,0.0
610,000132,1.jpg,8,359.0,39.0
611,000132,2.jpg,10,445.0,26.0
612,000132,3.jpg,10,440.0,40.0
613,000133,1.jpg,5,330.0,123.0
614,000133,2.jpg,4,363.0,146.0
615,000133,3.jpg,5,232.0,53.0
616,000133,4.jpg,5,234.0,50.0
617,000133,5.jpg,5,200.0,51.0
618,000134,1.jpg,1,156.0,0.0
619,000134,2.jpg,1,204.0,0.0
620,000134,3.jpg,4,178.0,34.0
621,000134,4.jpg,3,243.0,229.0
622,000134,5.jpg,3,108.0,48.0
623,000135,1.jpg,8,468.0,17.0
624,000135,2.jpg,5,289.0,42.0
625,000135,3.jpg,5,505.0,137.0
626,000135,4.jpg,3,590.0,217.0
627,000135,5.jpg,5,419.0,79.0
628,000136,1.jpg,8,499.0,21.0
629,000136,2.jpg,4,327.0,73.0
630,000136,3.jpg,1,690.0,0.0
631,000136,4.jpg,1,850.0,0.0
632,000137,1.jpg,3,207.0,89.0
633,000137,2.jpg,3,199.0,85.0
634,000137,3.jpg,3,210.0,85.0
635,000137,4.jpg,5,293.0,31.0
636,000138,1.jpg,1,557.0,0.0
637,000138,2.jpg,1,539.0,0.0
638,000138,3.jpg,1,541.0,0.0
639,000138,4.jpg,2,500.0,138.0
640,000138,5.jpg,1,530.0,0.0
641,000139,1.jpg,3,206.0,26.0
642,000139,2.jpg,3,168.0,64.0
643,000139,3.jpg,3,155.0,58.0
644,000139,4.jpg,4,129.0,36.0
645,000140,1.jpg,9,329.0,39.0
646,000140,2.jpg,10,273.0,27.0
647,000140,3.jpg,12,350.0,17.0
648,000140,4.jpg,14,411.0,0.0
649,000140,5.jpg,9,388.0,24.0
650,000141,1.jpg,9,414.0,36.0
651,000141,2.jpg,8,676.0,18.0
652,000141,3.jpg,0,0.0,0.0
653,000141,4.jpg,0,0.0,0.0
654,000141,5.jpg,1,38.0,0.0
655,000142,1.jpg,6,150.0,14.0
656,000142,2.jpg,8,106.0,2.0
657,000142,3.jpg,2,185.0,371.0
658,000142,4.jpg,1,25.0,0.0
659,000143,1.jpg,3,591.0,28.0
660,000143,2.jpg,4,564.0,21.0
661,000143,3.jpg,4,617.0,72.0
662,000143,4.jpg,5,553.0,38.0
663,000143,5.jpg,2,300.0,179.0
664,000144,1.jpg,13,440.0,3.0
665,000144,2.jpg,7,292.0,47.0
666,000144,3.jpg,7,491.0,21.0
667,000144,4.jpg,5,550.0,22.0
668,000144,5.jpg,5,409.0,48.0
669,000145,1.jpg,4,264.0,170.0
670,000145,2.jpg,3,241.0,253.0
671,000145,3.jpg,3,185.0,113.0
672,000145,4.jpg,2,127.0,255.0
673,000145,5.jpg,0,0.0,0.0
674,000146,1.jpg,3,205.0,186.0
675,000146,2.jpg,2,475.0,85.0
676,000146,3.jpg,3,661.0,248.0
677,000146,4.jpg,2,549.0,123.0
678,000147,1.jpg,4,532.0,97.0
679,000147,2.jpg,5,653.0,51.0
680,000147,3.jpg,3,617.0,214.0
681,000147,4.jpg,3,627.0,208.0
682,000147,5.jpg,4,610.0,70.0
683,000148,1.jpg,0,0.0,0.0
684,000148,2.jpg,1,41.0,0.0
685,000148,3.jpg,2,417.0,0.0
686,000148,4.jpg,1,414.0,0.0
687,000148,5.jpg,1,414.0,0.0
688,000149,1.jpg,1,32.0,0.0
689,000149,2.jpg,0,0.0,0.0
690,000149,3.jpg,0,0.0,0.0
691,000149,4.jpg,2,581.0,32.0
692,000150,1.jpg,6,352.0,38.0
693,000150,2.jpg,6,353.0,58.0
694,000150,3.jpg,5,440.0,80.0
695,000150,4.jpg,4,371.0,123.0
696,000150,5.jpg,2,230.0,367.0
697,000151,1.jpg,0,0.0,0.0
698,000151,2.jpg,1,326.0,0.0
699,000151,3.jpg,1,190.0,0.0
700,000151,4.jpg,2,300.0,455.0
701,000151,5.jpg,1,55.0,0.0
702,000152,1.jpg,10,220.0,39.0
703,000152,2.jpg,8,182.0,9.0
704,000152,3.jpg,8,238.0,14.0
705,000152,4.jpg,9,234.0,19.0
706,000152,5.jpg,7,235.0,46.0
707,000153,1.jpg,1,367.0,0.0
708,000153,2.jpg,2,347.0,36.0
709,000153,3.jpg,3,321.0,29.0
710,000153,4.jpg,4,281.0,23.0
711,000154,1.jpg,4,509.0,126.0
712,000154,2.jpg,5,422.0,80.0
713,000154,3.jpg,6,478.0,49.0
714,000154,4.jpg,5,526.0,55.0
715,000154,5.jpg,5,511.0,78.0
716,000155,1.jpg,1,960.0,0.0
717,000155,2.jpg,1,408.0,0.0
718,000155,3.jpg,0,0.0,0.0
719,000155,4.jpg,0,0.0,0.0
720,000156,1.jpg,3,523.0,29.0
721,000156,2.jpg,4,717.0,23.0
722,000156,3.jpg,1,6.0,0.0
723,000156,4.jpg,2,355.0,307.0
724,000156,5.jpg,2,184.0,369.0
725,000157,1.jpg,1,192.0,0.0
726,000157,2.jpg,2,127.0,97.0
727,000157,3.jpg,3,212.0,111.0
728,000157,4.jpg,3,81.0,43.0
729,000158,1.jpg,0,0.0,0.0
730,000158,2.jpg,0,0.0,0.0
731,000158,3.jpg,0,0.0,0.0
732,000158,4.jpg,1,516.0,0.0
733,000158,5.jpg,0,0.0,0.0
734,000159,1.jpg,8,410.0,0.0
735,000159,2.jpg,5,543.0,34.0
736,000159,3.jpg,5,479.0,57.0
737,000159,4.jpg,4,593.0,96.0
738,000159,5.jpg,4,612.0,121.0
739,000160,1.jpg,6,238.0,18.0
740,000160,2.jpg,6,274.0,19.0
741,000160,3.jpg,6,407.0,104.0
742,000160,4.jpg,3,378.0,71.0
743,000161,1.jpg,5,235.0,60.0
744,000161,2.jpg,4,288.0,137.0
745,000161,3.jpg,3,150.0,77.0
746,000161,4.jpg,3,138.0,74.0
747,000161,5.jpg,3,138.0,80.0
748,000162,1.jpg,6,296.0,19.0
749,000162,2.jpg,6,527.0,17.0
750,000162,3.jpg,4,441.0,112.0
751,000162,4.jpg,6,278.0,22.0
752,000162,5.jpg,5,279.0,41.0
753,000163,1.jpg,3,489.0,168.0
754,000163,2.jpg,1,345.0,0.0
755,000163,3.jpg,6,466.0,38.0
756,000163,4.jpg,4,328.0,23.0
757,000164,1.jpg,0,0.0,0.0
758,000164,2.jpg,0,0.0,0.0
759,000164,3.jpg,0,0.0,0.0
760,000164,4.jpg,0,0.0,0.0
761,000164,5.jpg,1,467.0,0.0
762,000165,1.jpg,15,527.0,10.0
763,000165,2.jpg,13,500.0,18.0
764,000165,3.jpg,16,508.0,17.0
765,000165,4.jpg,6,400.0,54.0
766,000165,5.jpg,7,292.0,131.0
767,000166,1.jpg,0,0.0,0.0
768,000166,2.jpg,1,381.0,0.0
769,000166,3.jpg,1,812.0,0.0
770,000166,4.jpg,1,177.0,0.0
771,000166,5.jpg,3,219.0,28.0
772,000167,1.jpg,4,445.0,28.0
773,000167,2.jpg,3,240.0,76.0
774,000167,3.jpg,3,183.0,70.0
775,000167,4.jpg,1,205.0,0.0
776,000167,5.jpg,4,238.0,9.0
777,000168,1.jpg,0,0.0,0.0
778,000168,2.jpg,0,0.0,0.0
779,000168,3.jpg,0,0.0,0.0
780,000168,4.jpg,0,0.0,0.0
781,000169,1.jpg,6,311.0,89.0
782,000169,2.jpg,8,325.0,85.0
783,000169,3.jpg,4,265.0,140.0
784,000169,4.jpg,4,394.0,84.0
785,000170,1.jpg,5,153.0,63.0
786,000170,2.jpg,8,261.0,10.0
787,000170,3.jpg,5,371.0,20.0
788,000170,4.jpg,4,160.0,60.0
789,000171,1.jpg,10,352.0,20.0
790,000171,2.jpg,12,355.0,25.0
791,000171,3.jpg,11,340.0,41.0
792,000171,4.jpg,9,372.0,20.0
793,000171,5.jpg,8,220.0,45.0
794,000172,1.jpg,3,769.0,83.0
795,000172,2.jpg,0,0.0,0.0
796,000172,3.jpg,0,0.0,0.0
797,000172,4.jpg,1,46.0,0.0
798,000173,1.jpg,6,237.0,41.0
799,000173,2.jpg,6,200.0,15.0
800,000173,3.jpg,6,187.0,11.0
801,000173,4.jpg,8,407.0,5.0
802,000173,5.jpg,6,527.0,10.0
803,000174,1.jpg,7,501.0,26.0
804,000174,2.jpg,6,508.0,82.0
805,000174,3.jpg,4,595.0,170.0
806,000174,4.jpg,3,322.0,32.0
807,000174,5.jpg,4,377.0,18.0
808,000175,1.jpg,1,707.0,0.0
809,000175,2.jpg,2,594.0,219.0
810,000175,3.jpg,2,595.0,227.0
811,000175,4.jpg,1,705.0,0.0
812,000175,5.jpg,2,449.0,273.0
813,000176,1.jpg,0,0.0,0.0
814,000176,2.jpg,0,0.0,0.0
815,000176,3.jpg,3,166.0,80.0
816,000176,4.jpg,2,143.0,287.0
817,000177,1.jpg,5,305.0,39.0
818,000177,2.jpg,5,471.0,144.0
819,000177,3.jpg,7,327.0,59.0
820,000177,4.jpg,5,535.0,77.0
821,000178,1.jpg,8,471.0,45.0
822,000178,2.jpg,8,469.0,21.0
823,000178,3.jpg,10,468.0,36.0
824,000178,4.jpg,8,561.0,15.0
825,000178,5.jpg,6,814.0,8.0
826,000179,1.jpg,1,110.0,0.0
827,000179,2.jpg,1,6.0,0.0
828,000179,3.jpg,2,131.0,97.0
829,000179,4.jpg,4,297.0,84.0
830,000179,5.jpg,5,298.0,64.0
831,000180,1.jpg,4,260.0,79.0
832,000180,2.jpg,7,263.0,8.0
833,000180,3.jpg,4,249.0,132.0
834,000180,4.jpg,2,168.0,45.0
835,000181,1.jpg,7,314.0,11.0
836,000181,2.jpg,6,343.0,10.0
837,000181,3.jpg,2,277.0,555.0
838,000181,4.jpg,1,223.0,0.0
839,000181,5.jpg,2,129.0,173.0
840,000182,1.jpg,4,424.0,164.0
841,000182,2.jpg,5,451.0,38.0
842,000182,3.jpg,7,374.0,64.0
843,000182,4.jpg,3,276.0,82.0
844,000182,5.jpg,3,417.0,227.0
845,000183,1.jpg,5,677.0,27.0
846,000183,2.jpg,4,537.0,177.0
847,000183,3.jpg,2,495.0,201.0
848,000183,4.jpg,2,387.0,38.0
849,000183,5.jpg,3,374.0,23.0
850,000184,1.jpg,0,0.0,0.0
851,000184,2.jpg,0,0.0,0.0
852,000184,3.jpg,0,0.0,0.0
853,000184,4.jpg,0,0.0,0.0
854,000184,5.jpg,0,0.0,0.0
855,000185,1.jpg,7,229.0,18.0
856,000185,2.jpg,8,234.0,56.0
857,000185,3.jpg,2,495.0,991.0
858,000185,4.jpg,1,873.0,0.0
859,000185,5.jpg,4,646.0,45.0
860,000186,1.jpg,0,0.0,0.0
861,000186,2.jpg,0,0.0,0.0
862,000186,3.jpg,0,0.0,0.0
863,000186,4.jpg,0,0.0,0.0
864,000186,5.jpg,0,0.0,0.0
865,000187,1.jpg,6,178.0,20.0
866,000187,2.jpg,6,263.0,7.0
867,000187,3.jpg,6,243.0,0.0
868,000187,4.jpg,5,265.0,16.0
869,000188,1.jpg,5,565.0,32.0
870,000188,2.jpg,7,507.0,20.0
871,000188,3.jpg,7,414.0,45.0
872,000188,4.jpg,10,387.0,14.0
873,000188,5.jpg,7,507.0,23.0
874,000189,1.jpg,0,0.0,0.0
875,000189,2.jpg,0,0.0,0.0
876,000189,3.jpg,0,0.0,0.0
877,000189,4.jpg,0,0.0,0.0
878,000190,1.jpg,5,659.0,68.0
879,000190,2.jpg,4,599.0,52.0
880,000190,3.jpg,5,761.0,72.0
881,000190,4.jpg,5,842.0,26.0
882,000191,1.jpg,7,388.0,30.0
883,000191,2.jpg,8,419.0,34.0
884,000191,3.jpg,7,411.0,40.0
885,000191,4.jpg,8,467.0,32.0
886,000192,1.jpg,5,258.0,46.0
887,000192,2.jpg,5,273.0,43.0
888,000192,3.jpg,6,293.0,34.0
889,000192,4.jpg,6,287.0,32.0
890,000192,5.jpg,5,268.0,42.0
891,000193,1.jpg,2,144.0,157.0
892,000193,2.jpg,3,178.0,118.0
893,000193,3.jpg,7,570.0,20.0
894,000193,4.jpg,7,267.0,13.0
895,000193,5.jpg,6,208.0,13.0
896,000194,1.jpg,7,280.0,47.0
897,000194,2.jpg,8,219.0,29.0
898,000194,3.jpg,6,274.0,36.0
899,000194,4.jpg,6,295.0,48.0
900,000194,5.jpg,6,285.0,39.0
901,000195,1.jpg,9,404.0,24.0
902,000195,2.jpg,7,397.0,23.0
903,000195,3.jpg,7,357.0,28.0
904,000195,4.jpg,10,454.0,14.0
905,000195,5.jpg,8,325.0,42.0
906,000196,1.jpg,3,229.0,97.0
907,000196,2.jpg,2,167.0,197.0
908,000196,3.jpg,1,213.0,0.0
909,000196,4.jpg,2,287.0,495.0
910,000197,1.jpg,7,347.0,26.0
911,000197,2.jpg,10,380.0,15.0
912,000197,3.jpg,12,350.0,13.0
913,000197,4.jpg,10,390.0,19.0
914,000198,1.jpg,5,479.0,66.0
915,000198,2.jpg,5,495.0,67.0
916,000198,3.jpg,5,456.0,72.0
917,000198,4.jpg,5,480.0,70.0
918,000199,1.jpg,10,365.0,38.0
919,000199,2.jpg,12,360.0,11.0
920,000199,3.jpg,8,492.0,22.0
921,000199,4.jpg,8,625.0,12.0
922,000199,5.jpg,8,409.0,47.0
923,000200,1.jpg,4,111.0,39.0
924,000200,2.jpg,5,115.0,12.0
925,000200,3.jpg,4,90.0,41.0
926,000200,4.jpg,4,109.0,51.0
927,000201,1.jpg,2,54.0,3.0
928,000201,2.jpg,2,69.0,7.0
929,000201,3.jpg,2,39.0,4.0
930,000201,4.jpg,1,31.0,0.0
931,000201,5.jpg,0,0.0,0.0
932,000202,1.jpg,4,177.0,23.0
933,000202,2.jpg,4,182.0,23.0
934,000202,3.jpg,2,240.0,74.0
935,000202,4.jpg,3,220.0,32.0
936,000203,1.jpg,5,146.0,54.0
937,000203,2.jpg,8,267.0,17.0
938,000203,3.jpg,5,156.0,33.0
939,000203,4.jpg,3,97.0,62.0
940,000204,1.jpg,7,447.0,51.0
941,000204,2.jpg,10,495.0,19.0
942,000204,3.jpg,6,447.0,57.0
943,000204,4.jpg,6,536.0,33.0
944,000205,1.jpg,7,187.0,51.0
945,000205,2.jpg,9,223.0,6.0
946,000205,3.jpg,14,263.0,12.0
947,000205,4.jpg,11,244.0,13.0
948,000206,1.jpg,3,217.0,270.0
949,000206,2.jpg,3,320.0,139.0
950,000206,3.jpg,1,496.0,0.0
951,000206,4.jpg,0,0.0,0.0
952,000207,1.jpg,4,389.0,148.0
953,000207,2.jpg,4,203.0,40.0
954,000207,3.jpg,8,308.0,49.0
955,000207,4.jpg,9,331.0,26.0
956,000207,5.jpg,9,296.0,12.0
957,000208,1.jpg,2,278.0,80.0
958,000208,2.jpg,2,454.0,91.0
959,000208,3.jpg,2,475.0,64.0
960,000208,4.jpg,1,333.0,0.0
961,000208,5.jpg,2,281.0,562.0
962,000209,1.jpg,6,289.0,65.0
963,000209,2.jpg,9,252.0,25.0
964,000209,3.jpg,12,290.0,16.0
965,000209,4.jpg,12,316.0,13.0
966,000209,5.jpg,12,340.0,24.0
967,000210,1.jpg,0,0.0,0.0
968,000210,2.jpg,0,0.0,0.0
969,000210,3.jpg,0,0.0,0.0
970,000210,4.jpg,0,0.0,0.0
971,000210,5.jpg,0,0.0,0.0
972,000211,1.jpg,5,273.0,22.0
973,000211,2.jpg,6,352.0,90.0
974,000211,3.jpg,7,308.0,46.0
975,000211,4.jpg,7,273.0,30.0
976,000212,1.jpg,6,557.0,13.0
977,000212,2.jpg,5,725.0,38.0
978,000212,3.jpg,4,291.0,16.0
979,000212,4.jpg,3,114.0,30.0
980,000212,5.jpg,3,114.0,86.0
981,000213,1.jpg,3,406.0,270.0
982,000213,2.jpg,1,61.0,0.0
983,000213,3.jpg,3,405.0,58.0
984,000213,4.jpg,4,710.0,54.0
985,000214,1.jpg,10,290.0,21.0
986,000214,2.jpg,13,281.0,19.0
987,000214,3.jpg,13,233.0,12.0
988,000214,4.jpg,13,236.0,6.0
989,000215,1.jpg,2,123.0,246.0
990,000215,2.jpg,2,137.0,274.0
991,000215,3.jpg,1,146.0,0.0
992,000215,4.jpg,1,151.0,0.0
993,000215,5.jpg,2,161.0,323.0
994,000216,1.jpg,0,0.0,0.0
995,000216,2.jpg,1,438.0,0.0
996,000216,3.jpg,0,0.0,0.0
997,000216,4.jpg,1,262.0,0.0
998,000216,5.jpg,0,0.0,0.0
999,000217,1.jpg,0,0.0,0.0
1000,000217,2.jpg,0,0.0,0.0
1001,000217,3.jpg,0,0.0,0.0
1002,000217,4.jpg,0,0.0,0.0
1003,000217,5.jpg,0,0.0,0.0
1004,000218,1.jpg,5,424.0,63.0
1005,000218,2.jpg,8,304.0,82.0
1006,000218,3.jpg,5,221.0,12.0
1007,000218,4.jpg,10,371.0,13.0
1008,000218,5.jpg,7,500.0,18.0
1009,000219,1.jpg,11,299.0,2.0
1010,000219,2.jpg,19,271.0,6.0
1011,000219,3.jpg,12,289.0,5.0
1012,000219,4.jpg,9,199.0,34.0
1013,000219,5.jpg,8,168.0,7.0
1014,000220,1.jpg,4,258.0,31.0
1015,000220,2.jpg,5,338.0,41.0
1016,000220,3.jpg,5,285.0,30.0
1017,000220,4.jpg,6,595.0,15.0
1018,000220,5.jpg,7,496.0,14.0
1019,000221,1.jpg,4,177.0,43.0
1020,000221,2.jpg,1,162.0,0.0
1021,000221,3.jpg,4,146.0,42.0
1022,000221,4.jpg,4,174.0,52.0
1023,000222,1.jpg,2,585.0,1055.0
1024,000222,2.jpg,4,315.0,173.0
1025,000222,3.jpg,6,337.0,34.0
1026,000222,4.jpg,3,109.0,63.0
1027,000223,1.jpg,7,283.0,75.0
1028,000223,2.jpg,4,182.0,44.0
1029,000223,3.jpg,6,203.0,20.0
1030,000223,4.jpg,8,328.0,31.0
1031,000223,5.jpg,10,392.0,18.0
1032,000224,1.jpg,2,528.0,639.0
1033,000224,2.jpg,1,396.0,0.0
1034,000224,3.jpg,2,423.0,78.0
1035,000224,4.jpg,2,427.0,84.0
1036,000225,1.jpg,4,492.0,61.0
1037,000225,2.jpg,4,481.0,113.0
1038,000225,3.jpg,4,398.0,65.0
1039,000225,4.jpg,5,417.0,26.0
1040,000226,1.jpg,7,244.0,24.0
1041,000226,2.jpg,8,595.0,14.0
1042,000226,3.jpg,5,479.0,41.0
1043,000226,4.jpg,4,292.0,63.0
1044,000227,1.jpg,0,0.0,0.0
1045,000227,2.jpg,1,206.0,0.0
1046,000227,3.jpg,0,0.0,0.0
1047,000227,4.jpg,0,0.0,0.0
1048,000227,5.jpg,0,0.0,0.0
1049,000228,1.jpg,3,108.0,115.0
1050,000228,2.jpg,3,146.0,171.0
1051,000228,3.jpg,4,133.0,91.0
1052,000228,4.jpg,3,143.0,164.0
1053,000228,5.jpg,3,147.0,171.0
1054,000229,1.jpg,1,803.0,0.0
1055,000229,2.jpg,1,803.0,0.0
1056,000229,3.jpg,1,803.0,0.0
1057,000229,4.jpg,2,558.0,739.0
1058,000229,5.jpg,3,567.0,135.0
1059,000230,1.jpg,6,409.0,27.0
1060,000230,2.jpg,6,390.0,33.0
1061,000230,3.jpg,5,472.0,51.0
1062,000230,4.jpg,6,486.0,41.0
1063,000231,1.jpg,0,0.0,0.0
1064,000231,2.jpg,0,0.0,0.0
1065,000231,3.jpg,0,0.0,0.0
1066,000231,4.jpg,0,0.0,0.0
1067,000232,1.jpg,2,73.0,127.0
1068,000232,2.jpg,2,69.0,139.0
1069,000232,3.jpg,6,118.0,9.0
1070,000232,4.jpg,2,96.0,117.0
1071,000232,5.jpg,1,27.0,0.0
1072,000233,1.jpg,9,618.0,17.0
1073,000233,2.jpg,8,514.0,20.0
1074,000233,3.jpg,5,373.0,41.0
1075,000233,4.jpg,3,274.0,164.0
1076,000233,5.jpg,4,273.0,58.0
1077,000234,1.jpg,5,335.0,202.0
1078,000234,2.jpg,3,420.0,521.0
1079,000234,3.jpg,3,566.0,329.0
1080,000234,4.jpg,3,543.0,108.0
1081,000234,5.jpg,5,745.0,31.0
1082,000235,1.jpg,2,356.0,171.0
1083,000235,2.jpg,3,541.0,230.0
1084,000235,3.jpg,2,413.0,173.0
1085,000235,4.jpg,4,351.0,24.0
1086,000235,5.jpg,2,499.0,352.0
1087,000236,1.jpg,2,228.0,91.0
1088,000236,2.jpg,2,219.0,107.0
1089,000236,3.jpg,2,244.0,89.0
1090,000236,4.jpg,2,250.0,75.0
1091,000236,5.jpg,2,266.0,73.0
1092,000237,1.jpg,0,0.0,0.0
1093,000237,2.jpg,1,90.0,0.0
1094,000237,3.jpg,1,174.0,0.0
1095,000237,4.jpg,0,0.0,0.0
1096,000237,5.jpg,0,0.0,0.0
1097,000238,1.jpg,0,0.0,0.0
1098,000238,2.jpg,0,0.0,0.0
1099,000238,3.jpg,0,0.0,0.0
1100,000238,4.jpg,0,0.0,0.0
1101,000238,5.jpg,0,0.0,0.0
1102,000239,1.jpg,2,309.0,63.0
1103,000239,2.jpg,1,341.0,0.0
1104,000239,3.jpg,3,347.0,27.0
1105,000240,1.jpg,0,0.0,0.0
1106,000240,2.jpg,1,60.0,0.0
1107,000240,3.jpg,0,0.0,0.0
1108,000240,4.jpg,1,133.0,0.0
1109,000240,5.jpg,2,127.0,255.0
1110,000241,1.jpg,8,547.0,32.0
1111,000241,2.jpg,4,601.0,13.0
1112,000241,3.jpg,6,476.0,23.0
1113,000241,4.jpg,6,352.0,14.0
1114,000241,5.jpg,6,449.0,9.0
1115,000242,1.jpg,0,0.0,0.0
1116,000242,2.jpg,0,0.0,0.0
1117,000242,3.jpg,0,0.0,0.0
1118,000242,4.jpg,0,0.0,0.0
1119,000242,5.jpg,0,0.0,0.0
1120,000243,1.jpg,1,302.0,0.0
1121,000243,2.jpg,1,341.0,0.0
1122,000243,3.jpg,1,428.0,0.0
1123,000243,4.jpg,1,594.0,0.0
1124,000243,5.jpg,1,114.0,0.0
1125,000244,1.jpg,5,389.0,113.0
1126,000244,2.jpg,4,283.0,52.0
1127,000244,3.jpg,3,419.0,98.0
1128,000244,4.jpg,2,453.0,282.0
1129,000244,5.jpg,3,400.0,72.0
1130,000245,1.jpg,5,465.0,119.0
1131,000245,2.jpg,4,415.0,105.0
1132,000245,3.jpg,8,438.0,64.0
1133,000245,4.jpg,6,418.0,38.0
1134,000246,1.jpg,1,162.0,0.0
1135,000246,2.jpg,1,162.0,0.0
1136,000246,3.jpg,0,0.0,0.0
1137,000246,4.jpg,1,199.0,0.0
1138,000246,5.jpg,1,199.0,0.0
1139,000247,1.jpg,3,433.0,50.0
1140,000247,2.jpg,3,409.0,99.0
1141,000247,3.jpg,3,577.0,118.0
1142,000247,4.jpg,4,603.0,71.0
1143,000248,1.jpg,10,257.0,14.0
1144,000248,2.jpg,7,266.0,24.0
1145,000248,3.jpg,7,246.0,24.0
1146,000248,4.jpg,8,262.0,21.0
1147,000249,1.jpg,8,310.0,49.0
1148,000249,2.jpg,4,164.0,22.0
1149,000249,3.jpg,11,536.0,7.0
1150,000249,4.jpg,4,414.0,190.0
1151,000249,5.jpg,5,369.0,107.0
1152,000250,1.jpg,8,242.0,10.0
1153,000250,2.jpg,8,379.0,48.0
1154,000250,3.jpg,6,363.0,20.0
1155,000250,4.jpg,8,308.0,24.0
1156,000250,5.jpg,9,297.0,30.0
1157,000251,1.jpg,10,460.0,22.0
1158,000251,2.jpg,10,500.0,11.0
1159,000251,3.jpg,7,503.0,26.0
1160,000251,4.jpg,7,529.0,73.0
1161,000252,1.jpg,3,101.0,88.0
1162,000252,2.jpg,2,222.0,444.0
1163,000252,3.jpg,1,196.0,0.0
1164,000252,4.jpg,4,91.0,27.0
1165,000252,5.jpg,2,98.0,197.0
1166,000253,1.jpg,5,529.0,26.0
1167,000253,2.jpg,7,602.0,22.0
1168,000253,3.jpg,2,570.0,1140.0
1169,000253,4.jpg,3,787.0,98.0
1170,000253,5.jpg,3,471.0,74.0
1171,000254,1.jpg,1,223.0,0.0
1172,000254,2.jpg,2,200.0,401.0
1173,000254,3.jpg,6,114.0,2.0
1174,000254,4.jpg,1,189.0,0.0
1175,000254,5.jpg,2,425.0,851.0
1176,000255,1.jpg,3,561.0,250.0
1177,000255,2.jpg,4,765.0,73.0
1178,000255,3.jpg,5,686.0,60.0
1179,000255,4.jpg,5,671.0,26.0
1180,000256,1.jpg,7,173.0,68.0
1181,000256,2.jpg,10,206.0,16.0
1182,000256,3.jpg,7,159.0,41.0
1183,000256,4.jpg,6,178.0,50.0
1184,000256,5.jpg,5,134.0,19.0
1185,000257,1.jpg,9,215.0,28.0
1186,000257,2.jpg,8,293.0,8.0
1187,000257,3.jpg,5,245.0,37.0
1188,000257,4.jpg,6,298.0,21.0
1189,000257,5.jpg,4,250.0,76.0
1190,000258,1.jpg,0,0.0,0.0
1191,000258,2.jpg,1,286.0,0.0
1192,000258,3.jpg,2,248.0,351.0
1193,000258,4.jpg,3,385.0,168.0
1194,000258,5.jpg,5,379.0,58.0
1195,000259,1.jpg,8,346.0,13.0
1196,000259,2.jpg,6,377.0,22.0
1197,000259,3.jpg,5,464.0,20.0
1198,000259,4.jpg,2,502.0,291.0
1199,000259,5.jpg,4,586.0,19.0
1200,000260,1.jpg,1,78.0,0.0
1201,000260,2.jpg,1,425.0,0.0
1202,000260,3.jpg,3,340.0,97.0
1203,000260,4.jpg,0,0.0,0.0
1204,000260,5.jpg,1,298.0,0.0
1205,000261,1.jpg,2,571.0,117.0
1206,000261,2.jpg,2,573.0,1147.0
1207,000261,3.jpg,0,0.0,0.0
1208,000261,4.jpg,1,247.0,0.0
1209,000261,5.jpg,0,0.0,0.0
1210,000262,1.jpg,4,341.0,35.0
1211,000262,2.jpg,2,326.0,652.0
1212,000262,3.jpg,4,362.0,15.0
1213,000262,4.jpg,5,404.0,56.0
1214,000262,5.jpg,4,408.0,63.0
1215,000263,1.jpg,7,495.0,38.0
1216,000263,2.jpg,7,482.0,22.0
1217,000263,3.jpg,6,534.0,44.0
1218,000263,4.jpg,8,459.0,30.0
1219,000264,1.jpg,4,230.0,45.0
1220,000264,2.jpg,4,329.0,74.0
1221,000264,3.jpg,2,471.0,292.0
1222,000264,4.jpg,3,467.0,50.0
1223,000265,1.jpg,2,198.0,139.0
1224,000265,2.jpg,1,99.0,0.0
1225,000265,3.jpg,0,0.0,0.0
1226,000265,4.jpg,0,0.0,0.0
1227,000266,1.jpg,6,553.0,28.0
1228,000266,2.jpg,5,517.0,57.0
1229,000266,3.jpg,5,597.0,70.0
1230,000266,4.jpg,7,544.0,44.0
1231,000267,1.jpg,3,370.0,0.0
1232,000267,2.jpg,1,346.0,0.0
1233,000267,3.jpg,1,344.0,0.0
1234,000267,4.jpg,1,348.0,0.0
1235,000267,5.jpg,1,339.0,0.0
1236,000268,1.jpg,11,220.0,17.0
1237,000268,2.jpg,9,380.0,20.0
1238,000268,3.jpg,8,322.0,58.0
1239,000268,4.jpg,8,273.0,86.0
1240,000269,1.jpg,2,835.0,25.0
1241,000269,2.jpg,0,0.0,0.0
1242,000269,3.jpg,0,0.0,0.0
1243,000269,4.jpg,0,0.0,0.0
1244,000269,5.jpg,0,0.0,0.0
1245,000270,1.jpg,4,281.0,24.0
1246,000270,2.jpg,3,433.0,19.0
1247,000270,3.jpg,4,511.0,104.0
1248,000270,4.jpg,3,479.0,52.0
1249,000270,5.jpg,3,426.0,33.0
1250,000271,1.jpg,4,241.0,62.0
1251,000271,2.jpg,4,221.0,53.0
1252,000271,3.jpg,4,209.0,42.0
1253,000271,4.jpg,3,229.0,65.0
1254,000271,5.jpg,3,252.0,65.0
1255,000272,1.jpg,14,525.0,2.0
1256,000272,2.jpg,11,359.0,18.0
1257,000272,3.jpg,9,566.0,19.0
1258,000272,4.jpg,14,538.0,5.0
1259,000273,1.jpg,6,334.0,61.0
1260,000273,2.jpg,6,395.0,73.0
1261,000273,3.jpg,5,428.0,117.0
1262,000273,4.jpg,5,427.0,153.0
1263,000273,5.jpg,4,416.0,185.0
1264,000274,1.jpg,3,678.0,178.0
1265,000274,2.jpg,3,549.0,43.0
1266,000274,3.jpg,4,726.0,135.0
1267,000274,4.jpg,4,674.0,80.0
1268,000274,5.jpg,5,491.0,48.0
1269,000275,1.jpg,0,0.0,0.0
1270,000275,2.jpg,1,199.0,0.0
1271,000275,3.jpg,0,0.0,0.0
1272,000275,4.jpg,0,0.0,0.0
1273,000275,5.jpg,0,0.0,0.0
1274,000276,1.jpg,4,423.0,0.0
1275,000276,2.jpg,4,618.0,108.0
1276,000276,3.jpg,6,551.0,42.0
1277,000276,4.jpg,3,349.0,147.0
1278,000276,5.jpg,5,402.0,43.0
1279,000277,1.jpg,2,496.0,130.0
1280,000277,2.jpg,3,430.0,84.0
1281,000277,3.jpg,4,503.0,25.0
1282,000277,4.jpg,4,436.0,182.0
1283,000277,5.jpg,3,253.0,303.0
1284,000278,1.jpg,3,79.0,67.0
1285,000278,2.jpg,3,112.0,90.0
1286,000278,3.jpg,3,138.0,72.0
1287,000278,4.jpg,3,122.0,82.0
1288,000279,1.jpg,6,434.0,62.0
1289,000279,2.jpg,6,358.0,17.0
1290,000279,3.jpg,7,317.0,22.0
1291,000279,4.jpg,9,381.0,3.0
1292,000279,5.jpg,9,443.0,5.0
1293,000280,1.jpg,0,0.0,0.0
1294,000280,2.jpg,5,70.0,12.0
1295,000280,3.jpg,4,113.0,28.0
1296,000280,4.jpg,3,96.0,81.0
1297,000281,1.jpg,2,618.0,305.0
1298,000281,2.jpg,3,293.0,164.0
1299,000281,3.jpg,3,126.0,74.0
1300,000281,4.jpg,0,0.0,0.0
1301,000282,1.jpg,4,233.0,108.0
1302,000282,2.jpg,3,122.0,53.0
1303,000282,3.jpg,4,236.0,132.0
1304,000282,4.jpg,4,243.0,123.0
1305,000283,1.jpg,3,594.0,137.0
1306,000283,2.jpg,2,491.0,66.0
1307,000283,3.jpg,1,535.0,0.0
1308,000283,4.jpg,4,500.0,122.0
1309,000283,5.jpg,3,382.0,51.0
1310,000284,1.jpg,1,269.0,0.0
1311,000284,2.jpg,2,550.0,591.0
1312,000284,3.jpg,9,467.0,6.0
1313,000284,4.jpg,7,494.0,7.0
1314,000285,1.jpg,7,267.0,34.0
1315,000285,2.jpg,6,238.0,127.0
1316,000285,3.jpg,4,104.0,48.0
1317,000285,4.jpg,7,302.0,23.0
1318,000285,5.jpg,10,344.0,24.0
1319,000286,1.jpg,0,0.0,0.0
1320,000286,2.jpg,0,0.0,0.0
1321,000286,3.jpg,0,0.0,0.0
1322,000286,4.jpg,0,0.0,0.0
1323,000286,5.jpg,1,57.0,0.0
1324,000287,1.jpg,5,266.0,42.0
1325,000287,2.jpg,6,321.0,108.0
1326,000287,3.jpg,4,484.0,69.0
1327,000287,4.jpg,6,486.0,50.0
1328,000288,1.jpg,3,411.0,60.0
1329,000288,2.jpg,5,488.0,71.0
1330,000288,3.jpg,5,365.0,116.0
1331,000288,4.jpg,4,406.0,28.0
1332,000289,1.jpg,7,239.0,7.0
1333,000289,2.jpg,7,299.0,9.0
1334,000289,3.jpg,5,251.0,113.0
1335,000289,4.jpg,6,298.0,25.0
1336,000289,5.jpg,6,262.0,22.0
1337,000290,1.jpg,1,69.0,0.0
1338,000290,2.jpg,2,413.0,272.0
1339,000290,3.jpg,0,0.0,0.0
1340,000290,4.jpg,1,328.0,0.0
1341,000290,5.jpg,1,227.0,0.0
1342,000291,1.jpg,0,0.0,0.0
1343,000291,2.jpg,0,0.0,0.0
1344,000291,3.jpg,0,0.0,0.0
1345,000291,4.jpg,2,605.0,1210.0
1346,000291,5.jpg,0,0.0,0.0
1347,000292,1.jpg,3,513.0,44.0
1348,000292,2.jpg,3,520.0,83.0
1349,000292,3.jpg,6,660.0,27.0
1350,000292,4.jpg,6,493.0,32.0
1351,000292,5.jpg,4,299.0,270.0
1352,000293,1.jpg,2,369.0,739.0
1353,000293,2.jpg,1,256.0,0.0
1354,000293,3.jpg,0,0.0,0.0
1355,000293,4.jpg,0,0.0,0.0
1356,000293,5.jpg,0,0.0,0.0
1357,000294,1.jpg,3,552.0,95.0
1358,000294,2.jpg,2,749.0,395.0
1359,000294,3.jpg,2,449.0,285.0
1360,000294,4.jpg,4,784.0,17.0
1361,000295,1.jpg,4,416.0,130.0
1362,000295,2.jpg,4,427.0,133.0
1363,000295,3.jpg,4,411.0,124.0
1364,000295,4.jpg,4,355.0,78.0
1365,000295,5.jpg,6,393.0,42.0
1366,000296,1.jpg,1,341.0,0.0
1367,000296,2.jpg,0,0.0,0.0
1368,000296,3.jpg,0,0.0,0.0
1369,000296,4.jpg,0,0.0,0.0
1370,000296,5.jpg,1,88.0,0.0
1371,000297,1.jpg,3,96.0,48.0
1372,000297,2.jpg,2,126.0,212.0
1373,000297,3.jpg,4,85.0,32.0
1374,000297,4.jpg,4,107.0,25.0
1375,000298,1.jpg,0,0.0,0.0
1376,000298,2.jpg,1,62.0,0.0
1377,000298,3.jpg,0,0.0,0.0
1378,000298,4.jpg,1,311.0,0.0
1379,000298,5.jpg,0,0.0,0.0
1380,000299,1.jpg,3,57.0,33.0
1381,000299,2.jpg,9,198.0,9.0
1382,000299,3.jpg,5,147.0,18.0
1383,000299,4.jpg,2,126.0,252.0
1384,000299,5.jpg,0,0.0,0.0
1385,000300,1.jpg,4,335.0,18.0
1386,000300,2.jpg,2,351.0,95.0
1387,000300,3.jpg,6,336.0,77.0
1388,000300,4.jpg,3,394.0,173.0
1389,000301,1.jpg,3,90.0,52.0
1390,000301,2.jpg,5,317.0,40.0
1391,000301,3.jpg,6,314.0,7.0
1392,000301,4.jpg,7,176.0,34.0
1393,000302,1.jpg,6,349.0,17.0
1394,000302,2.jpg,7,268.0,12.0
1395,000302,3.jpg,5,299.0,35.0
1396,000302,4.jpg,5,333.0,15.0
1397,000302,5.jpg,5,456.0,11.0
1398,000303,1.jpg,1,45.0,0.0
1399,000303,2.jpg,1,46.0,0.0
1400,000303,3.jpg,1,49.0,0.0
1401,000303,4.jpg,3,138.0,64.0
1402,000303,5.jpg,4,140.0,13.0
1403,000304,1.jpg,5,216.0,105.0
1404,000304,2.jpg,8,250.0,67.0
1405,000304,3.jpg,6,112.0,15.0
1406,000304,4.jpg,6,183.0,53.0
1407,000304,5.jpg,5,212.0,125.0
1408,000305,1.jpg,0,0.0,0.0
1409,000305,2.jpg,0,0.0,0.0
1410,000305,3.jpg,0,0.0,0.0
1411,000305,4.jpg,0,0.0,0.0
1412,000305,5.jpg,0,0.0,0.0
1413,000306,1.jpg,7,243.0,57.0
1414,000306,2.jpg,8,216.0,23.0
1415,000306,3.jpg,9,217.0,20.0
1416,000306,4.jpg,8,328.0,55.0
1417,000307,1.jpg,10,402.0,33.0
1418,000307,2.jpg,9,514.0,50.0
1419,000307,3.jpg,7,428.0,28.0
1420,000307,4.jpg,6,595.0,78.0
1421,000307,5.jpg,3,554.0,143.0
1422,000308,1.jpg,5,527.0,30.0
1423,000308,2.jpg,5,474.0,35.0
1424,000308,3.jpg,5,465.0,31.0
1425,000309,1.jpg,4,187.0,50.0
1426,000309,2.jpg,4,141.0,38.0
1427,000309,3.jpg,3,142.0,108.0
1428,000309,4.jpg,5,219.0,10.0
1429,000309,5.jpg,5,124.0,57.0
1430,000310,1.jpg,1,849.0,0.0
1431,000310,2.jpg,0,0.0,0.0
1432,000310,3.jpg,2,515.0,199.0
1433,000310,4.jpg,1,41.0,0.0
1434,000311,1.jpg,4,434.0,98.0
1435,000311,2.jpg,5,503.0,81.0
1436,000311,3.jpg,6,538.0,52.0
1437,000311,4.jpg,4,551.0,26.0
1438,000312,1.jpg,6,450.0,55.0
1439,000312,2.jpg,4,218.0,177.0
1440,000312,3.jpg,4,352.0,127.0
1441,000312,4.jpg,3,251.0,269.0
1442,000312,5.jpg,2,134.0,176.0
1443,000313,1.jpg,5,347.0,198.0
1444,000313,2.jpg,7,478.0,28.0
1445,000313,3.jpg,7,814.0,5.0
1446,000313,4.jpg,13,649.0,5.0
1447,000313,5.jpg,8,379.0,16.0
1448,000314,1.jpg,0,0.0,0.0
1449,000314,2.jpg,0,0.0,0.0
1450,000314,3.jpg,0,0.0,0.0
1451,000314,4.jpg,0,0.0,0.0
1452,000314,5.jpg,0,0.0,0.0
1453,000315,1.jpg,4,171.0,48.0
1454,000315,2.jpg,4,175.0,47.0
1455,000315,3.jpg,4,177.0,49.0
1456,000315,4.jpg,4,178.0,55.0
1457,000316,1.jpg,2,611.0,0.0
1458,000316,2.jpg,1,533.0,0.0
1459,000316,3.jpg,1,490.0,0.0
1460,000316,4.jpg,1,537.0,0.0
1461,000316,5.jpg,1,529.0,0.0
1462,000317,1.jpg,3,142.0,62.0
1463,000317,2.jpg,2,50.0,95.0
1464,000317,3.jpg,2,170.0,341.0
1465,000317,4.jpg,4,90.0,24.0
1466,000317,5.jpg,3,175.0,43.0
1467,000318,1.jpg,5,315.0,59.0
1468,000318,2.jpg,6,390.0,125.0
1469,000318,3.jpg,4,256.0,81.0
1470,000318,4.jpg,7,326.0,85.0
1471,000318,5.jpg,10,250.0,31.0
1472,000319,1.jpg,5,426.0,46.0
1473,000319,2.jpg,6,539.0,58.0
1474,000319,3.jpg,6,464.0,97.0
1475,000319,4.jpg,7,202.0,7.0
1476,000319,5.jpg,2,548.0,229.0
1477,000320,1.jpg,1,696.0,0.0
1478,000320,2.jpg,3,352.0,144.0
1479,000320,3.jpg,4,243.0,78.0
1480,000320,4.jpg,2,408.0,225.0
1481,000320,5.jpg,3,305.0,100.0
1482,000321,1.jpg,7,217.0,44.0
1483,000321,2.jpg,7,254.0,66.0
1484,000321,3.jpg,6,233.0,13.0
1485,000321,4.jpg,6,281.0,77.0
1486,000321,5.jpg,5,183.0,24.0
1487,000322,1.jpg,2,628.0,122.0
1488,000322,2.jpg,1,583.0,0.0
1489,000322,3.jpg,0,0.0,0.0
1490,000322,4.jpg,0,0.0,0.0
1491,000322,5.jpg,2,231.0,157.0
1492,000323,1.jpg,4,288.0,25.0
1493,000323,2.jpg,1,159.0,0.0
1494,000323,3.jpg,1,289.0,0.0
1495,000323,4.jpg,4,148.0,58.0
1496,000324,1.jpg,6,801.0,58.0
1497,000324,2.jpg,3,673.0,167.0
1498,000324,3.jpg,1,51.0,0.0
1499,000324,4.jpg,0,0.0,0.0
1500,000324,5.jpg,1,643.0,0.0
1501,000325,1.jpg,3,736.0,61.0
1502,000325,2.jpg,4,756.0,30.0
1503,000325,3.jpg,2,633.0,659.0
1504,000325,4.jpg,5,646.0,28.0
1505,000325,5.jpg,2,763.0,388.0
1506,000326,1.jpg,3,193.0,174.0
1507,000326,2.jpg,3,178.0,105.0
1508,000326,3.jpg,2,191.0,383.0
1509,000326,4.jpg,3,136.0,95.0
1510,000326,5.jpg,3,151.0,141.0
1511,000327,1.jpg,11,392.0,44.0
1512,000327,2.jpg,9,382.0,16.0
1513,000327,3.jpg,8,473.0,15.0
1514,000327,4.jpg,6,468.0,35.0
1515,000327,5.jpg,8,402.0,5.0
1516,000328,1.jpg,8,320.0,6.0
1517,000328,2.jpg,7,269.0,38.0
1518,000328,3.jpg,10,333.0,12.0
1519,000328,4.jpg,8,218.0,42.0
1520,000329,1.jpg,0,0.0,0.0
1521,000329,2.jpg,0,0.0,0.0
1522,000329,3.jpg,0,0.0,0.0
1523,000329,4.jpg,0,0.0,0.0
1524,000330,1.jpg,7,305.0,99.0
1525,000330,2.jpg,10,357.0,27.0
1526,000330,3.jpg,9,371.0,31.0
1527,000331,1.jpg,3,389.0,154.0
1528,000331,2.jpg,3,372.0,123.0
1529,000331,3.jpg,3,548.0,174.0
1530,000331,4.jpg,5,352.0,50.0
1531,000331,5.jpg,4,340.0,49.0
1532,000332,1.jpg,3,172.0,95.0
1533,000332,2.jpg,3,268.0,47.0
1534,000332,3.jpg,2,234.0,469.0
1535,000332,4.jpg,1,215.0,0.0
1536,000333,1.jpg,9,456.0,14.0
1537,000333,2.jpg,5,368.0,149.0
1538,000333,3.jpg,6,383.0,7.0
1539,000333,4.jpg,9,327.0,19.0
1540,000333,5.jpg,5,188.0,45.0
1541,000334,1.jpg,4,568.0,101.0
1542,000334,2.jpg,3,563.0,166.0
1543,000334,3.jpg,4,483.0,73.0
1544,000334,4.jpg,5,554.0,57.0
1545,000334,5.jpg,5,615.0,66.0
1546,000335,1.jpg,1,182.0,0.0
1547,000335,2.jpg,1,177.0,0.0
1548,000335,3.jpg,2,164.0,61.0
1549,000335,4.jpg,3,171.0,16.0
1550,000335,5.jpg,3,174.0,27.0
1551,000336,1.jpg,7,266.0,32.0
1552,000336,2.jpg,6,249.0,24.0
1553,000336,3.jpg,6,164.0,66.0
1554,000336,4.jpg,8,209.0,41.0
1555,000337,1.jpg,6,163.0,16.0
1556,000337,2.jpg,7,380.0,54.0
1557,000337,3.jpg,6,319.0,51.0
1558,000337,4.jpg,7,264.0,117.0
1559,000337,5.jpg,8,229.0,46.0
1560,000338,1.jpg,1,358.0,0.0
1561,000338,2.jpg,1,497.0,0.0
1562,000338,3.jpg,0,0.0,0.0
1563,000338,4.jpg,0,0.0,0.0
1564,000339,1.jpg,7,512.0,27.0
1565,000339,2.jpg,7,474.0,47.0
1566,000339,3.jpg,7,498.0,16.0
1567,000339,4.jpg,5,519.0,78.0
1568,000340,1.jpg,2,129.0,237.0
1569,000340,2.jpg,3,99.0,35.0
1570,000340,3.jpg,6,131.0,49.0
1571,000340,4.jpg,3,218.0,231.0
1572,000340,5.jpg,2,142.0,262.0
1573,000341,1.jpg,5,371.0,126.0
1574,000341,2.jpg,7,404.0,61.0
1575,000341,3.jpg,4,320.0,35.0
1576,000341,4.jpg,4,355.0,64.0
1577,000341,5.jpg,2,255.0,92.0
1578,000342,1.jpg,0,0.0,0.0
1579,000342,2.jpg,0,0.0,0.0
1580,000342,3.jpg,0,0.0,0.0
1581,000342,4.jpg,0,0.0,0.0
1582,000342,5.jpg,1,202.0,0.0
1583,000343,1.jpg,9,526.0,2.0
1584,000343,2.jpg,7,485.0,16.0
1585,000343,3.jpg,8,505.0,13.0
1586,000343,4.jpg,7,501.0,13.0
1587,000344,1.jpg,1,422.0,0.0
1588,000344,2.jpg,1,413.0,0.0
1589,000344,3.jpg,1,399.0,0.0
1590,000344,4.jpg,1,412.0,0.0
1591,000345,1.jpg,5,653.0,63.0
1592,000345,2.jpg,4,623.0,94.0
1593,000345,3.jpg,3,607.0,160.0
1594,000345,4.jpg,3,668.0,129.0
1595,000345,5.jpg,3,546.0,210.0
1596,000346,1.jpg,1,334.0,0.0
1597,000346,2.jpg,2,739.0,802.0
1598,000346,3.jpg,2,741.0,812.0
1599,000346,4.jpg,4,607.0,128.0
1600,000347,1.jpg,1,302.0,0.0
1601,000347,2.jpg,1,303.0,0.0
1602,000347,3.jpg,1,335.0,0.0
1603,000347,4.jpg,5,409.0,136.0
1604,000348,1.jpg,2,420.0,55.0
1605,000348,2.jpg,1,44.0,0.0
1606,000348,3.jpg,1,907.0,0.0
1607,000348,4.jpg,0,0.0,0.0
1608,000348,5.jpg,1,186.0,0.0
1609,000349,1.jpg,2,23.0,31.0
1610,000349,2.jpg,2,59.0,49.0
1611,000349,3.jpg,2,84.0,47.0
1612,000349,4.jpg,2,81.0,44.0
1613,000349,5.jpg,2,64.0,38.0
1614,000350,1.jpg,3,135.0,42.0
1615,000350,2.jpg,3,170.0,78.0
1616,000350,3.jpg,3,548.0,29.0
1617,000350,4.jpg,0,0.0,0.0
1618,000351,1.jpg,9,374.0,53.0
1619,000351,2.jpg,9,482.0,24.0
1620,000351,3.jpg,10,541.0,14.0
1621,000351,4.jpg,9,607.0,9.0
1622,000352,1.jpg,6,159.0,50.0
1623,000352,2.jpg,7,214.0,16.0
1624,000352,3.jpg,4,138.0,90.0
1625,000352,4.jpg,4,186.0,108.0
1626,000352,5.jpg,6,161.0,68.0
1627,000353,1.jpg,1,278.0,0.0
1628,000353,2.jpg,1,61.0,0.0
1629,000353,3.jpg,0,0.0,0.0
1630,000354,1.jpg,4,334.0,39.0
1631,000354,2.jpg,2,372.0,254.0
1632,000354,3.jpg,3,469.0,319.0
1633,000354,4.jpg,1,153.0,0.0
1634,000355,1.jpg,2,608.0,318.0
1635,000355,2.jpg,4,427.0,143.0
1636,000355,3.jpg,3,363.0,72.0
1637,000355,4.jpg,2,277.0,555.0
1638,000355,5.jpg,4,203.0,124.0
1639,000356,1.jpg,0,0.0,0.0
1640,000356,2.jpg,0,0.0,0.0
1641,000356,3.jpg,0,0.0,0.0
1642,000356,4.jpg,0,0.0,0.0
1643,000356,5.jpg,0,0.0,0.0
1644,000357,1.jpg,8,237.0,27.0
1645,000357,2.jpg,7,250.0,44.0
1646,000357,3.jpg,3,422.0,72.0
1647,000357,4.jpg,1,573.0,0.0
1648,000358,1.jpg,8,533.0,33.0
1649,000358,2.jpg,8,466.0,24.0
1650,000358,3.jpg,8,482.0,26.0
1651,000358,4.jpg,6,566.0,44.0
1652,000358,5.jpg,8,462.0,37.0
1653,000359,1.jpg,10,473.0,25.0
1654,000359,2.jpg,6,403.0,70.0
1655,000359,3.jpg,6,243.0,60.0
1656,000359,4.jpg,6,324.0,23.0
1657,000360,1.jpg,1,525.0,0.0
1658,000360,2.jpg,1,527.0,0.0
1659,000360,3.jpg,1,520.0,0.0
1660,000360,4.jpg,2,602.0,237.0
1661,000361,1.jpg,2,563.0,676.0
1662,000361,2.jpg,1,358.0,0.0
1663,000361,3.jpg,2,354.0,709.0
1664,000361,4.jpg,2,371.0,245.0
1665,000361,5.jpg,1,347.0,0.0
1666,000362,1.jpg,0,0.0,0.0
1667,000362,2.jpg,1,28.0,0.0
1668,000362,3.jpg,0,0.0,0.0
1669,000362,4.jpg,0,0.0,0.0
1670,000362,5.jpg,0,0.0,0.0
1671,000363,1.jpg,2,121.0,93.0
1672,000363,2.jpg,2,159.0,132.0
1673,000363,3.jpg,2,284.0,386.0
1674,000363,4.jpg,2,292.0,346.0
1675,000363,5.jpg,2,292.0,353.0
1676,000364,1.jpg,4,449.0,125.0
1677,000364,2.jpg,6,534.0,21.0
1678,000364,3.jpg,5,492.0,37.0
1679,000364,4.jpg,6,515.0,29.0
1680,000364,5.jpg,9,533.0,40.0
1681,000365,1.jpg,5,539.0,66.0
1682,000365,2.jpg,8,633.0,19.0
1683,000365,3.jpg,9,664.0,9.0
1684,000365,4.jpg,7,667.0,31.0
1685,000365,5.jpg,5,711.0,21.0
1686,000366,1.jpg,5,440.0,11.0
1687,000366,2.jpg,2,437.0,31.0
1688,000366,3.jpg,0,0.0,0.0
1689,000366,4.jpg,2,447.0,49.0
1690,000366,5.jpg,2,510.0,51.0
1691,000367,1.jpg,4,378.0,24.0
1692,000367,2.jpg,0,0.0,0.0
1693,000367,3.jpg,4,154.0,14.0
1694,000367,4.jpg,4,331.0,52.0
1695,000367,5.jpg,3,325.0,120.0
1696,000368,1.jpg,1,594.0,0.0
1697,000368,2.jpg,1,559.0,0.0
1698,000368,3.jpg,3,618.0,97.0
1699,000368,4.jpg,3,634.0,138.0
1700,000369,1.jpg,6,224.0,34.0
1701,000369,2.jpg,8,278.0,8.0
1702,000369,3.jpg,8,279.0,9.0
1703,000369,4.jpg,8,278.0,8.0
1704,000370,1.jpg,4,182.0,38.0
1705,000370,2.jpg,3,409.0,145.0
1706,000370,3.jpg,6,347.0,9.0
1707,000370,4.jpg,4,290.0,46.0
1708,000370,5.jpg,6,281.0,21.0
1709,000371,1.jpg,4,376.0,188.0
1710,000371,2.jpg,5,280.0,23.0
1711,000371,3.jpg,6,261.0,13.0
1712,000371,4.jpg,2,230.0,371.0
1713,000372,1.jpg,3,163.0,138.0
1714,000372,2.jpg,5,186.0,19.0
1715,000372,3.jpg,5,156.0,17.0
1716,000372,4.jpg,6,297.0,51.0
1717,000373,1.jpg,3,514.0,128.0
1718,000373,2.jpg,3,601.0,183.0
1719,000373,3.jpg,4,518.0,103.0
1720,000373,4.jpg,5,558.0,92.0
1721,000373,5.jpg,5,412.0,79.0
1722,000374,1.jpg,7,616.0,12.0
1723,000374,2.jpg,8,628.0,19.0
1724,000374,3.jpg,8,553.0,36.0
1725,000374,4.jpg,11,479.0,5.0
1726,000374,5.jpg,13,378.0,10.0
1727,000375,1.jpg,3,909.0,94.0
1728,000375,2.jpg,1,789.0,0.0
1729,000375,3.jpg,2,890.0,210.0
1730,000375,4.jpg,2,833.0,270.0
1731,000375,5.jpg,1,617.0,0.0
1732,000376,1.jpg,5,602.0,65.0
1733,000376,2.jpg,4,597.0,101.0
1734,000376,3.jpg,7,361.0,47.0
1735,000376,4.jpg,8,419.0,44.0
1736,000376,5.jpg,6,482.0,83.0
1737,000377,1.jpg,5,436.0,81.0
1738,000377,2.jpg,9,400.0,12.0
1739,000377,3.jpg,7,390.0,15.0
1740,000377,4.jpg,9,471.0,28.0
1741,000377,5.jpg,10,471.0,15.0
1742,000378,1.jpg,2,65.0,114.0
1743,000378,2.jpg,1,240.0,0.0
1744,000378,3.jpg,3,232.0,46.0
1745,000378,4.jpg,4,218.0,45.0
1746,000379,1.jpg,1,707.0,0.0
1747,000379,2.jpg,0,0.0,0.0
1748,000379,3.jpg,0,0.0,0.0
1749,000379,4.jpg,2,498.0,213.0
1750,000379,5.jpg,0,0.0,0.0
1751,000380,1.jpg,0,0.0,0.0
1752,000380,2.jpg,2,323.0,646.0
1753,000380,3.jpg,3,326.0,315.0
1754,000380,4.jpg,1,61.0,0.0
1755,000380,5.jpg,1,645.0,0.0
1756,000381,1.jpg,3,107.0,46.0
1757,000381,2.jpg,3,61.0,56.0
1758,000381,3.jpg,6,169.0,86.0
1759,000381,4.jpg,6,229.0,76.0
1760,000382,1.jpg,11,289.0,9.0
1761,000382,2.jpg,8,472.0,42.0
1762,000382,3.jpg,8,483.0,38.0
1763,000383,1.jpg,3,549.0,124.0
1764,000383,2.jpg,3,644.0,193.0
1765,000383,3.jpg,3,345.0,224.0
1766,000383,4.jpg,3,376.0,322.0
1767,000384,1.jpg,9,397.0,9.0
1768,000384,2.jpg,2,378.0,638.0
1769,000384,3.jpg,1,806.0,0.0
1770,000384,4.jpg,0,0.0,0.0
1771,000384,5.jpg,0,0.0,0.0
1772,000385,1.jpg,2,575.0,319.0
1773,000385,2.jpg,1,560.0,0.0
1774,000385,3.jpg,1,28.0,0.0
1775,000385,4.jpg,0,0.0,0.0
1776,000385,5.jpg,0,0.0,0.0
1777,000386,1.jpg,0,0.0,0.0
1778,000386,2.jpg,1,194.0,0.0
1779,000386,3.jpg,0,0.0,0.0
1780,000386,4.jpg,1,215.0,0.0
1781,000386,5.jpg,2,468.0,756.0
1782,000387,1.jpg,4,330.0,86.0
1783,000387,2.jpg,7,322.0,21.0
1784,000387,3.jpg,4,101.0,68.0
1785,000387,4.jpg,6,137.0,11.0
1786,000388,1.jpg,4,366.0,22.0
1787,000388,2.jpg,4,343.0,53.0
1788,000388,3.jpg,3,377.0,49.0
1789,000388,4.jpg,0,0.0,0.0
1790,000388,5.jpg,0,0.0,0.0
1791,000389,1.jpg,1,143.0,0.0
1792,000389,2.jpg,2,313.0,626.0
1793,000389,3.jpg,4,280.0,14.0
1794,000389,4.jpg,2,567.0,579.0
1795,000389,5.jpg,0,0.0,0.0
1796,000390,1.jpg,1,354.0,0.0
1797,000390,2.jpg,0,0.0,0.0
1798,000390,3.jpg,0,0.0,0.0
1799,000390,4.jpg,0,0.0,0.0
1800,000390,5.jpg,0,0.0,0.0
1801,000391,1.jpg,4,175.0,161.0
1802,000391,2.jpg,0,0.0,0.0
1803,000391,3.jpg,0,0.0,0.0
1804,000391,4.jpg,0,0.0,0.0
1805,000391,5.jpg,1,251.0,0.0
1806,000392,1.jpg,1,535.0,0.0
1807,000392,2.jpg,1,523.0,0.0
1808,000392,3.jpg,2,434.0,116.0
1809,000392,4.jpg,3,471.0,86.0
1810,000392,5.jpg,3,428.0,124.0
1811,000393,1.jpg,0,0.0,0.0
1812,000393,2.jpg,0,0.0,0.0
1813,000393,3.jpg,0,0.0,0.0
1814,000393,4.jpg,0,0.0,0.0
1815,000393,5.jpg,0,0.0,0.0
1816,000394,1.jpg,0,0.0,0.0
1817,000394,2.jpg,2,212.0,190.0
1818,000394,3.jpg,3,129.0,81.0
1819,000394,4.jpg,1,854.0,0.0
1820,000394,5.jpg,1,657.0,0.0
1821,000395,1.jpg,6,402.0,9.0
1822,000395,2.jpg,10,318.0,32.0
1823,000395,3.jpg,7,357.0,34.0
1824,000395,4.jpg,6,325.0,36.0
1825,000395,5.jpg,10,358.0,17.0
1826,000396,1.jpg,9,246.0,81.0
1827,000396,2.jpg,11,328.0,57.0
1828,000396,3.jpg,10,370.0,59.0
1829,000396,4.jpg,12,359.0,47.0
1830,000396,5.jpg,6,364.0,144.0
1831,000397,1.jpg,0,0.0,0.0
1832,000397,2.jpg,0,0.0,0.0
1833,000397,3.jpg,0,0.0,0.0
1834,000397,4.jpg,0,0.0,0.0
1835,000397,5.jpg,0,0.0,0.0
1836,000398,1.jpg,5,344.0,57.0
1837,000398,2.jpg,6,461.0,50.0
1838,000398,3.jpg,8,424.0,59.0
1839,000398,4.jpg,7,448.0,19.0
1840,000398,5.jpg,8,613.0,11.0
1841,000399,1.jpg,0,0.0,0.0
1842,000399,2.jpg,0,0.0,0.0
1843,000399,3.jpg,1,350.0,0.0
1844,000399,4.jpg,0,0.0,0.0
1845,000400,1.jpg,1,189.0,0.0
1846,000400,2.jpg,1,208.0,0.0
1847,000400,3.jpg,0,0.0,0.0
1848,000400,4.jpg,2,232.0,124.0
1849,000401,1.jpg,3,421.0,414.0
1850,000401,2.jpg,2,618.0,760.0
1851,000401,3.jpg,5,179.0,32.0
1852,000401,4.jpg,2,320.0,398.0
1853,000401,5.jpg,1,165.0,0.0
1854,000402,1.jpg,6,94.0,3.0
1855,000402,2.jpg,4,112.0,45.0
1856,000402,3.jpg,5,134.0,25.0
1857,000402,4.jpg,2,129.0,258.0
1858,000402,5.jpg,1,90.0,0.0
1859,000403,1.jpg,1,456.0,0.0
1860,000403,2.jpg,1,431.0,0.0
1861,000403,3.jpg,1,408.0,0.0
1862,000403,4.jpg,4,421.0,32.0
1863,000403,5.jpg,4,332.0,43.0
1864,000404,1.jpg,1,121.0,0.0
1865,000404,2.jpg,1,120.0,0.0
1866,000404,3.jpg,1,135.0,0.0
1867,000404,4.jpg,1,145.0,0.0
1868,000404,5.jpg,1,137.0,0.0
1869,000405,1.jpg,1,309.0,0.0
1870,000405,2.jpg,2,310.0,58.0
1871,000405,3.jpg,2,317.0,56.0
1872,000405,4.jpg,2,315.0,54.0
1873,000405,5.jpg,2,315.0,51.0
1874,000406,1.jpg,5,383.0,9.0
1875,000406,2.jpg,4,335.0,34.0
1876,000406,3.jpg,4,355.0,33.0
1877,000406,4.jpg,5,413.0,16.0
1878,000406,5.jpg,4,435.0,28.0
1879,000407,1.jpg,7,358.0,31.0
1880,000407,2.jpg,6,369.0,39.0
1881,000407,3.jpg,7,393.0,20.0
1882,000407,4.jpg,7,401.0,22.0
1883,000408,1.jpg,2,270.0,137.0
1884,000408,2.jpg,2,151.0,109.0
1885,000408,3.jpg,5,321.0,63.0
1886,000408,4.jpg,5,385.0,31.0
1887,000409,1.jpg,5,616.0,38.0
1888,000409,2.jpg,5,618.0,22.0
1889,000409,3.jpg,4,530.0,3.0
1890,000409,4.jpg,6,588.0,44.0
1891,000409,5.jpg,6,730.0,9.0
1892,000410,1.jpg,8,412.0,43.0
1893,000410,2.jpg,5,276.0,63.0
1894,000410,3.jpg,2,511.0,301.0
1895,000410,4.jpg,3,375.0,122.0
1896,000410,5.jpg,3,428.0,129.0
1897,000411,1.jpg,2,193.0,68.0
1898,000411,2.jpg,1,12.0,0.0
1899,000411,3.jpg,2,95.0,15.0
1900,000411,4.jpg,0,0.0,0.0
1901,000411,5.jpg,0,0.0,0.0
1902,000412,1.jpg,7,172.0,70.0
1903,000412,2.jpg,5,133.0,24.0
1904,000412,3.jpg,6,147.0,18.0
1905,000412,4.jpg,5,193.0,68.0
1906,000412,5.jpg,4,164.0,26.0
1907,000413,1.jpg,14,395.0,11.0
1908,000413,2.jpg,10,337.0,47.0
1909,000413,3.jpg,13,305.0,29.0
1910,000413,4.jpg,13,349.0,16.0
1911,000413,5.jpg,9,335.0,31.0
1912,000414,1.jpg,4,210.0,49.0
1913,000414,2.jpg,3,188.0,83.0
1914,000414,3.jpg,3,161.0,71.0
1915,000414,4.jpg,3,343.0,299.0
1916,000414,5.jpg,2,196.0,389.0
1917,000415,1.jpg,8,690.0,35.0
1918,000415,2.jpg,7,643.0,33.0
1919,000415,3.jpg,5,746.0,52.0
1920,000415,4.jpg,5,652.0,49.0
1921,000415,5.jpg,7,745.0,16.0
1922,000416,1.jpg,2,231.0,462.0
1923,000416,2.jpg,3,385.0,233.0
1924,000416,3.jpg,3,424.0,300.0
1925,000416,4.jpg,3,449.0,304.0
1926,000416,5.jpg,3,410.0,265.0
1927,000417,1.jpg,3,212.0,201.0
1928,000417,2.jpg,5,209.0,19.0
1929,000417,3.jpg,5,248.0,28.0
1930,000417,4.jpg,6,227.0,33.0
1931,000417,5.jpg,7,236.0,39.0
1932,000418,1.jpg,4,216.0,59.0
1933,000418,2.jpg,9,281.0,19.0
1934,000418,3.jpg,8,287.0,21.0
1935,000418,4.jpg,2,532.0,460.0
1936,000419,1.jpg,2,275.0,87.0
1937,000419,2.jpg,2,300.0,98.0
1938,000419,3.jpg,3,335.0,38.0
1939,000419,4.jpg,4,432.0,177.0
1940,000419,5.jpg,4,261.0,88.0
1941,000420,1.jpg,4,263.0,149.0
1942,000420,2.jpg,6,387.0,77.0
1943,000420,3.jpg,3,262.0,79.0
1944,000420,4.jpg,4,375.0,181.0
1945,000421,1.jpg,9,396.0,38.0
1946,000421,2.jpg,3,288.0,44.0
1947,000421,3.jpg,2,377.0,140.0
1948,000421,4.jpg,3,372.0,210.0
1949,000421,5.jpg,3,479.0,318.0
1950,000422,1.jpg,1,3.0,0.0
1951,000422,2.jpg,1,1.0,0.0
1952,000422,3.jpg,0,0.0,0.0
1953,000422,4.jpg,1,3.0,0.0
1954,000422,5.jpg,2,9.0,0.0
1955,000423,1.jpg,3,163.0,79.0
1956,000423,2.jpg,3,71.0,33.0
1957,000423,3.jpg,1,93.0,0.0
1958,000423,4.jpg,5,192.0,40.0
1959,000423,5.jpg,6,251.0,53.0
1960,000424,1.jpg,4,258.0,41.0
1961,000424,2.jpg,9,196.0,10.0
1962,000424,3.jpg,6,276.0,31.0
1963,000424,4.jpg,3,428.0,33.0
1964,000424,5.jpg,1,449.0,0.0
1965,000425,1.jpg,11,469.0,16.0
1966,000425,2.jpg,14,526.0,5.0
1967,000425,3.jpg,11,367.0,30.0
1968,000425,4.jpg,9,272.0,8.0
1969,000426,1.jpg,4,301.0,79.0
1970,000426,2.jpg,2,442.0,712.0
1971,000426,3.jpg,1,380.0,0.0
1972,000426,4.jpg,0,0.0,0.0
1973,000426,5.jpg,1,363.0,0.0
1974,000427,1.jpg,4,845.0,68.0
1975,000427,2.jpg,5,695.0,47.0
1976,000427,3.jpg,5,669.0,17.0
1977,000427,4.jpg,4,631.0,61.0
1978,000428,1.jpg,6,364.0,81.0
1979,000428,2.jpg,4,438.0,132.0
1980,000428,3.jpg,5,404.0,91.0
1981,000428,4.jpg,6,329.0,68.0
1982,000428,5.jpg,6,286.0,54.0
1983,000429,1.jpg,3,580.0,140.0
1984,000429,2.jpg,5,556.0,47.0
1985,000429,3.jpg,6,581.0,25.0
1986,000429,4.jpg,6,582.0,25.0
1987,000430,1.jpg,4,274.0,10.0
1988,000430,2.jpg,3,422.0,178.0
1989,000430,3.jpg,4,625.0,138.0
1990,000430,4.jpg,1,952.0,0.0
1991,000430,5.jpg,6,500.0,75.0
1992,000431,1.jpg,2,302.0,530.0
1993,000431,2.jpg,1,498.0,0.0
1994,000431,3.jpg,1,511.0,0.0
1995,000431,4.jpg,1,504.0,0.0
1996,000431,5.jpg,1,513.0,0.0
1997,000432,1.jpg,8,263.0,13.0
1998,000432,2.jpg,6,291.0,16.0
1999,000432,3.jpg,6,330.0,20.0
2000,000432,4.jpg,6,357.0,28.0
2001,000432,5.jpg,2,234.0,468.0
2002,000433,1.jpg,2,437.0,551.0
2003,000433,2.jpg,2,450.0,532.0
2004,000433,3.jpg,4,558.0,107.0
2005,000434,1.jpg,7,158.0,16.0
2006,000434,2.jpg,4,200.0,35.0
2007,000434,3.jpg,5,194.0,16.0
2008,000434,4.jpg,7,280.0,71.0
2009,000434,5.jpg,6,255.0,28.0
2010,000435,1.jpg,0,0.0,0.0
2011,000435,2.jpg,0,0.0,0.0
2012,000435,3.jpg,0,0.0,0.0
2013,000435,4.jpg,0,0.0,0.0
2014,000435,5.jpg,0,0.0,0.0
2015,000436,1.jpg,5,372.0,139.0
2016,000436,2.jpg,4,384.0,160.0
2017,000436,3.jpg,5,475.0,73.0
2018,000436,4.jpg,5,428.0,50.0
2019,000437,1.jpg,2,744.0,41.0
2020,000437,2.jpg,5,266.0,62.0
2021,000437,3.jpg,6,528.0,15.0
2022,000437,4.jpg,8,618.0,40.0
2023,000437,5.jpg,12,549.0,11.0
2024,000438,1.jpg,2,367.0,113.0
2025,000438,2.jpg,3,319.0,44.0
2026,000438,3.jpg,2,379.0,93.0
2027,000438,4.jpg,2,763.0,679.0
2028,000439,1.jpg,2,621.0,141.0
2029,000439,2.jpg,4,343.0,145.0
2030,000439,3.jpg,1,202.0,0.0
2031,000439,4.jpg,1,185.0,0.0
2032,000439,5.jpg,0,0.0,0.0
2033,000440,1.jpg,11,272.0,29.0
2034,000440,2.jpg,11,332.0,14.0
2035,000440,3.jpg,10,354.0,31.0
2036,000440,4.jpg,8,420.0,31.0
2037,000441,1.jpg,1,759.0,0.0
2038,000441,2.jpg,1,567.0,0.0
2039,000441,3.jpg,1,604.0,0.0
2040,000441,4.jpg,1,572.0,0.0
2041,000442,1.jpg,0,0.0,0.0
2042,000442,2.jpg,0,0.0,0.0
2043,000442,3.jpg,0,0.0,0.0
2044,000442,4.jpg,0,0.0,0.0
2045,000442,5.jpg,0,0.0,0.0
2046,000443,1.jpg,8,188.0,12.0
2047,000443,2.jpg,8,442.0,15.0
2048,000443,3.jpg,7,511.0,39.0
2049,000443,4.jpg,7,227.0,6.0
2050,000444,1.jpg,0,0.0,0.0
2051,000444,2.jpg,0,0.0,0.0
2052,000444,3.jpg,0,0.0,0.0
2053,000444,4.jpg,0,0.0,0.0
2054,000445,1.jpg,0,0.0,0.0
2055,000445,2.jpg,0,0.0,0.0
2056,000445,3.jpg,0,0.0,0.0
2057,000445,4.jpg,0,0.0,0.0
2058,000445,5.jpg,0,0.0,0.0
2059,000446,1.jpg,3,435.0,184.0
2060,000446,2.jpg,2,309.0,98.0
2061,000446,3.jpg,2,327.0,116.0
2062,000446,4.jpg,3,394.0,1.0
2063,000446,5.jpg,2,430.0,279.0
2064,000447,1.jpg,3,257.0,216.0
2065,000447,2.jpg,0,0.0,0.0
2066,000447,3.jpg,0,0.0,0.0
2067,000447,4.jpg,0,0.0,0.0
2068,000447,5.jpg,0,0.0,0.0
2069,000448,1.jpg,8,553.0,10.0
2070,000448,2.jpg,6,421.0,76.0
2071,000448,3.jpg,3,268.0,247.0
2072,000448,4.jpg,5,473.0,52.0
2073,000449,1.jpg,6,384.0,36.0
2074,000449,2.jpg,7,528.0,15.0
2075,000449,3.jpg,7,447.0,44.0
2076,000449,4.jpg,6,420.0,70.0
2077,000449,5.jpg,5,583.0,8.0
2078,000450,1.jpg,5,231.0,43.0
2079,000450,2.jpg,6,220.0,78.0
2080,000450,3.jpg,5,375.0,95.0
2081,000450,4.jpg,1,786.0,0.0
2082,000450,5.jpg,0,0.0,0.0
2083,000451,1.jpg,6,182.0,86.0
2084,000451,2.jpg,1,139.0,0.0
2085,000451,3.jpg,0,0.0,0.0
2086,000451,4.jpg,2,577.0,100.0
2087,000452,1.jpg,7,469.0,9.0
2088,000452,2.jpg,4,650.0,26.0
2089,000452,3.jpg,5,447.0,39.0
2090,000452,4.jpg,3,333.0,107.0
2091,000452,5.jpg,3,349.0,14.0
2092,000453,1.jpg,9,390.0,12.0
2093,000453,2.jpg,9,240.0,55.0
2094,000453,3.jpg,6,279.0,16.0
2095,000453,4.jpg,7,249.0,25.0
2096,000453,5.jpg,5,371.0,21.0
2097,000454,1.jpg,1,414.0,0.0
2098,000454,2.jpg,2,300.0,22.0
2099,000454,3.jpg,2,222.0,84.0
2100,000454,4.jpg,2,250.0,185.0
2101,000455,1.jpg,2,594.0,202.0
2102,000455,2.jpg,2,532.0,242.0
2103,000455,3.jpg,2,549.0,272.0
2104,000455,4.jpg,0,0.0,0.0
2105,000455,5.jpg,0,0.0,0.0
2106,000456,1.jpg,2,155.0,310.0
2107,000456,2.jpg,1,175.0,0.0
2108,000456,3.jpg,1,128.0,0.0
2109,000456,4.jpg,1,122.0,0.0
2110,000456,5.jpg,2,260.0,240.0
2111,000457,1.jpg,1,173.0,0.0
2112,000457,2.jpg,0,0.0,0.0
2113,000457,3.jpg,0,0.0,0.0
2114,000457,4.jpg,0,0.0,0.0
2115,000457,5.jpg,0,0.0,0.0
2116,000458,1.jpg,8,440.0,22.0
2117,000458,2.jpg,3,614.0,93.0
2118,000458,3.jpg,2,741.0,295.0
2119,000458,4.jpg,3,692.0,191.0
2120,000458,5.jpg,1,476.0,0.0
2121,000459,1.jpg,4,746.0,42.0
2122,000459,2.jpg,6,844.0,24.0
2123,000459,3.jpg,7,835.0,21.0
2124,000459,4.jpg,5,895.0,26.0
2125,000459,5.jpg,4,879.0,64.0
2126,000460,1.jpg,3,838.0,25.0
2127,000460,2.jpg,4,482.0,148.0
2128,000460,3.jpg,1,656.0,0.0
2129,000460,4.jpg,3,465.0,57.0
2130,000461,1.jpg,8,360.0,29.0
2131,000461,2.jpg,5,193.0,34.0
2132,000461,3.jpg,7,346.0,65.0
2133,000461,4.jpg,5,371.0,128.0
2134,000461,5.jpg,11,328.0,15.0
2135,000462,1.jpg,6,297.0,57.0
2136,000462,2.jpg,5,360.0,90.0
2137,000462,3.jpg,5,346.0,148.0
2138,000462,4.jpg,5,362.0,152.0
2139,000462,5.jpg,7,484.0,27.0
2140,000463,1.jpg,6,758.0,18.0
2141,000463,2.jpg,4,619.0,144.0
2142,000463,3.jpg,1,399.0,0.0
2143,000463,4.jpg,2,289.0,211.0
2144,000464,1.jpg,8,587.0,28.0
2145,000464,2.jpg,8,502.0,7.0
2146,000464,3.jpg,8,575.0,45.0
2147,000464,4.jpg,8,576.0,36.0
2148,000464,5.jpg,6,655.0,56.0
2149,000465,1.jpg,0,0.0,0.0
2150,000465,2.jpg,0,0.0,0.0
2151,000465,3.jpg,1,142.0,0.0
2152,000465,4.jpg,0,0.0,0.0
2153,000465,5.jpg,0,0.0,0.0
2154,000466,1.jpg,8,140.0,31.0
2155,000466,2.jpg,6,85.0,24.0
2156,000466,3.jpg,7,104.0,5.0
2157,000466,4.jpg,5,151.0,18.0
2158,000466,5.jpg,5,115.0,23.0
2159,000467,1.jpg,0,0.0,0.0
2160,000467,2.jpg,0,0.0,0.0
2161,000467,3.jpg,1,471.0,0.0
2162,000467,4.jpg,0,0.0,0.0
2163,000467,5.jpg,0,0.0,0.0
2164,000468,1.jpg,6,551.0,45.0
2165,000468,2.jpg,6,336.0,6.0
2166,000468,3.jpg,6,439.0,8.0
2167,000468,4.jpg,2,373.0,286.0
2168,000469,1.jpg,2,185.0,296.0
2169,000469,2.jpg,2,216.0,260.0
2170,000469,3.jpg,2,231.0,196.0
2171,000469,4.jpg,2,271.0,110.0
2172,000470,1.jpg,6,364.0,8.0
2173,000470,2.jpg,4,445.0,14.0
2174,000470,3.jpg,2,739.0,175.0
2175,000470,4.jpg,4,876.0,0.0
2176,000471,1.jpg,4,275.0,116.0
2177,000471,2.jpg,5,518.0,35.0
2178,000471,3.jpg,5,394.0,123.0
2179,000471,4.jpg,4,356.0,54.0
2180,000471,5.jpg,8,263.0,35.0
2181,000472,1.jpg,13,467.0,12.0
2182,000472,2.jpg,10,350.0,19.0
2183,000472,3.jpg,10,331.0,13.0
2184,000472,4.jpg,11,361.0,28.0
2185,000472,5.jpg,10,331.0,10.0
2186,000473,1.jpg,0,0.0,0.0
2187,000473,2.jpg,3,315.0,15.0
2188,000473,3.jpg,3,332.0,33.0
2189,000473,4.jpg,4,306.0,46.0
2190,000473,5.jpg,3,510.0,266.0
2191,000474,1.jpg,1,538.0,0.0
2192,000474,2.jpg,3,411.0,58.0
2193,000474,3.jpg,5,771.0,10.0
2194,000474,4.jpg,4,791.0,22.0
2195,000475,1.jpg,4,356.0,37.0
2196,000475,2.jpg,1,180.0,0.0
2197,000475,3.jpg,3,160.0,95.0
2198,000475,4.jpg,2,95.0,2.0
2199,000475,5.jpg,1,98.0,0.0
2200,000476,1.jpg,4,305.0,24.0
2201,000476,2.jpg,5,247.0,23.0
2202,000476,3.jpg,10,497.0,16.0
2203,000476,4.jpg,7,320.0,93.0
2204,000477,1.jpg,8,760.0,15.0
2205,000477,2.jpg,9,798.0,5.0
2206,000477,3.jpg,5,495.0,38.0
2207,000477,4.jpg,5,611.0,59.0
2208,000477,5.jpg,6,654.0,10.0
2209,000478,1.jpg,8,413.0,10.0
2210,000478,2.jpg,9,421.0,41.0
2211,000478,3.jpg,10,565.0,14.0
2212,000478,4.jpg,2,287.0,157.0
2213,000478,5.jpg,2,305.0,105.0
2214,000479,1.jpg,4,56.0,32.0
2215,000479,2.jpg,6,69.0,11.0
2216,000479,3.jpg,4,111.0,38.0
2217,000479,4.jpg,5,336.0,160.0
2218,000479,5.jpg,4,263.0,287.0
2219,000480,1.jpg,2,595.0,27.0
2220,000480,2.jpg,1,290.0,0.0
2221,000480,3.jpg,1,907.0,0.0
2222,000480,4.jpg,0,0.0,0.0
2223,000481,1.jpg,7,301.0,39.0
2224,000481,2.jpg,7,512.0,27.0
2225,000481,3.jpg,6,529.0,32.0
2226,000481,4.jpg,5,366.0,36.0
2227,000481,5.jpg,4,103.0,21.0
2228,000482,1.jpg,3,205.0,40.0
2229,000482,2.jpg,5,161.0,11.0
2230,000482,3.jpg,4,165.0,44.0
2231,000482,4.jpg,4,222.0,14.0
2232,000483,1.jpg,0,0.0,0.0
2233,000483,2.jpg,0,0.0,0.0
2234,000483,3.jpg,0,0.0,0.0
2235,000483,4.jpg,0,0.0,0.0
2236,000483,5.jpg,0,0.0,0.0
2237,000484,1.jpg,0,0.0,0.0
2238,000484,2.jpg,0,0.0,0.0
2239,000484,3.jpg,0,0.0,0.0
2240,000484,4.jpg,0,0.0,0.0
2241,000484,5.jpg,0,0.0,0.0
2242,000485,1.jpg,4,447.0,159.0
2243,000485,2.jpg,4,272.0,36.0
2244,000485,3.jpg,7,366.0,20.0
2245,000486,1.jpg,6,264.0,18.0
2246,000486,2.jpg,5,297.0,19.0
2247,000486,3.jpg,3,357.0,122.0
2248,000486,4.jpg,6,451.0,16.0
2249,000487,1.jpg,4,353.0,131.0
2250,000487,2.jpg,3,256.0,35.0
2251,000487,3.jpg,3,262.0,32.0
2252,000487,4.jpg,3,259.0,25.0
2253,000487,5.jpg,3,257.0,20.0
2254,000488,1.jpg,3,230.0,72.0
2255,000488,2.jpg,4,506.0,274.0
2256,000488,3.jpg,2,325.0,86.0
2257,000488,4.jpg,6,367.0,4.0
2258,000488,5.jpg,5,325.0,47.0
2259,000489,1.jpg,5,563.0,33.0
2260,000489,2.jpg,6,448.0,29.0
2261,000489,3.jpg,6,387.0,32.0
2262,000489,4.jpg,5,477.0,38.0
2263,000489,5.jpg,4,512.0,62.0
2264,000490,1.jpg,6,549.0,17.0
2265,000490,2.jpg,3,165.0,84.0
2266,000490,3.jpg,0,0.0,0.0
2267,000490,4.jpg,0,0.0,0.0
2268,000490,5.jpg,0,0.0,0.0
2269,000491,1.jpg,6,436.0,30.0
2270,000491,2.jpg,7,453.0,32.0
2271,000491,3.jpg,5,371.0,22.0
2272,000491,4.jpg,5,543.0,84.0
2273,000492,1.jpg,5,404.0,63.0
2274,000492,2.jpg,8,380.0,18.0
2275,000492,3.jpg,10,473.0,8.0
2276,000492,4.jpg,7,670.0,15.0
2277,000492,5.jpg,8,684.0,13.0
2278,000493,1.jpg,1,574.0,0.0
2279,000493,2.jpg,1,540.0,0.0
2280,000493,3.jpg,1,377.0,0.0
2281,000493,4.jpg,2,245.0,326.0
2282,000493,5.jpg,2,166.0,300.0
2283,000494,1.jpg,1,649.0,0.0
2284,000494,2.jpg,0,0.0,0.0
2285,000494,3.jpg,0,0.0,0.0
2286,000494,4.jpg,0,0.0,0.0
2287,000494,5.jpg,0,0.0,0.0
2288,000495,1.jpg,0,0.0,0.0
2289,000495,2.jpg,0,0.0,0.0
2290,000495,3.jpg,0,0.0,0.0
2291,000495,4.jpg,0,0.0,0.0
2292,000496,1.jpg,17,439.0,12.0
2293,000496,2.jpg,14,492.0,8.0
2294,000496,3.jpg,14,439.0,20.0
2295,000496,4.jpg,15,537.0,10.0
2296,000497,1.jpg,0,0.0,0.0
2297,000497,2.jpg,1,285.0,0.0
2298,000497,3.jpg,0,0.0,0.0
2299,000497,4.jpg,0,0.0,0.0
2300,000498,1.jpg,0,0.0,0.0
2301,000498,2.jpg,0,0.0,0.0
2302,000498,3.jpg,0,0.0,0.0
2303,000498,4.jpg,2,369.0,84.0
2304,000499,1.jpg,3,565.0,56.0
2305,000499,2.jpg,4,441.0,27.0
2306,000499,3.jpg,2,569.0,155.0
2307,000499,4.jpg,4,546.0,28.0
2308,000499,5.jpg,3,581.0,59.0
2309,000500,1.jpg,2,376.0,140.0
2310,000500,2.jpg,3,227.0,49.0
2311,000500,3.jpg,2,262.0,103.0
2312,000500,4.jpg,2,252.0,131.0
2313,000501,1.jpg,4,402.0,101.0
2314,000501,2.jpg,4,386.0,95.0
2315,000501,3.jpg,4,386.0,95.0
2316,000502,1.jpg,1,64.0,0.0
2317,000502,2.jpg,1,58.0,0.0
2318,000502,3.jpg,1,88.0,0.0
2319,000502,4.jpg,1,62.0,0.0
2320,000502,5.jpg,1,61.0,0.0
2321,000503,1.jpg,5,151.0,56.0
2322,000503,2.jpg,3,186.0,190.0
2323,000503,3.jpg,3,204.0,207.0
2324,000503,4.jpg,1,104.0,0.0
2325,000503,5.jpg,2,176.0,353.0
2326,000504,1.jpg,7,233.0,15.0
2327,000504,2.jpg,6,293.0,9.0
2328,000504,3.jpg,8,289.0,36.0
2329,000504,4.jpg,8,368.0,52.0
2330,000505,1.jpg,3,341.0,116.0
2331,000505,2.jpg,5,344.0,36.0
2332,000505,3.jpg,4,331.0,98.0
2333,000505,4.jpg,5,326.0,52.0
2334,000505,5.jpg,4,291.0,104.0
2335,000506,1.jpg,4,638.0,101.0
2336,000506,2.jpg,4,507.0,159.0
2337,000506,3.jpg,5,528.0,71.0
2338,000506,4.jpg,6,636.0,104.0
2339,000506,5.jpg,3,405.0,53.0
2340,000507,1.jpg,5,217.0,37.0
2341,000507,2.jpg,4,237.0,11.0
2342,000507,3.jpg,5,474.0,156.0
2343,000507,4.jpg,5,383.0,79.0
2344,000507,5.jpg,3,309.0,56.0
2345,000508,1.jpg,0,0.0,0.0
2346,000508,2.jpg,0,0.0,0.0
2347,000508,3.jpg,0,0.0,0.0
2348,000508,4.jpg,0,0.0,0.0
2349,000508,5.jpg,0,0.0,0.0
2350,000509,1.jpg,2,94.0,188.0
2351,000509,2.jpg,0,0.0,0.0
2352,000509,3.jpg,1,45.0,0.0
2353,000509,4.jpg,0,0.0,0.0
2354,000510,1.jpg,7,242.0,36.0
2355,000510,2.jpg,11,248.0,1.0
2356,000510,3.jpg,8,235.0,33.0
2357,000510,4.jpg,6,242.0,51.0
2358,000511,1.jpg,0,0.0,0.0
2359,000511,2.jpg,0,0.0,0.0
2360,000511,3.jpg,0,0.0,0.0
2361,000511,4.jpg,0,0.0,0.0
2362,000512,1.jpg,1,448.0,0.0
2363,000512,2.jpg,1,448.0,0.0
2364,000512,3.jpg,1,451.0,0.0
2365,000512,4.jpg,1,449.0,0.0
2366,000513,1.jpg,5,219.0,72.0
2367,000513,2.jpg,3,651.0,60.0
2368,000513,3.jpg,0,0.0,0.0
2369,000513,4.jpg,0,0.0,0.0
2370,000514,1.jpg,2,682.0,127.0
2371,000514,2.jpg,4,440.0,45.0
2372,000514,3.jpg,4,438.0,134.0
2373,000514,4.jpg,6,474.0,22.0
2374,000515,1.jpg,1,84.0,0.0
2375,000515,2.jpg,0,0.0,0.0
2376,000515,3.jpg,1,371.0,0.0
2377,000515,4.jpg,1,292.0,0.0
2378,000515,5.jpg,2,378.0,757.0
2379,000516,1.jpg,1,202.0,0.0
2380,000516,2.jpg,0,0.0,0.0
2381,000516,3.jpg,0,0.0,0.0
2382,000516,4.jpg,0,0.0,0.0
2383,000516,5.jpg,0,0.0,0.0
2384,000517,1.jpg,13,392.0,1.0
2385,000517,2.jpg,10,342.0,3.0
2386,000517,3.jpg,10,346.0,42.0
2387,000517,4.jpg,11,294.0,16.0
2388,000517,5.jpg,9,241.0,31.0
2389,000518,1.jpg,1,357.0,0.0
2390,000518,2.jpg,3,344.0,10.0
2391,000518,3.jpg,4,302.0,14.0
2392,000518,4.jpg,4,298.0,13.0
2393,000518,5.jpg,4,300.0,13.0
2394,000519,1.jpg,9,558.0,21.0
2395,000519,2.jpg,8,568.0,14.0
2396,000519,3.jpg,9,407.0,15.0
2397,000519,4.jpg,10,471.0,20.0
2398,000520,1.jpg,6,603.0,37.0
2399,000520,2.jpg,7,576.0,58.0
2400,000520,3.jpg,6,462.0,29.0
2401,000520,4.jpg,8,511.0,32.0
2402,000520,5.jpg,3,716.0,158.0
2403,000521,1.jpg,7,297.0,22.0
2404,000521,2.jpg,9,363.0,24.0
2405,000521,3.jpg,10,439.0,25.0
2406,000521,4.jpg,10,435.0,24.0
2407,000521,5.jpg,7,303.0,12.0
2408,000522,1.jpg,3,92.0,66.0
2409,000522,2.jpg,2,232.0,59.0
2410,000522,3.jpg,2,246.0,74.0
2411,000522,4.jpg,3,470.0,322.0
2412,000522,5.jpg,3,429.0,270.0
2413,000523,1.jpg,7,460.0,63.0
2414,000523,2.jpg,5,372.0,25.0
2415,000523,3.jpg,4,395.0,48.0
2416,000523,4.jpg,6,562.0,53.0
2417,000523,5.jpg,7,475.0,45.0
2418,000524,1.jpg,5,218.0,62.0
2419,000524,2.jpg,7,191.0,41.0
2420,000524,3.jpg,5,202.0,72.0
2421,000524,4.jpg,3,236.0,198.0
2422,000525,1.jpg,0,0.0,0.0
2423,000525,2.jpg,0,0.0,0.0
2424,000525,3.jpg,0,0.0,0.0
2425,000525,4.jpg,0,0.0,0.0
2426,000525,5.jpg,0,0.0,0.0
2427,000526,1.jpg,0,0.0,0.0
2428,000526,2.jpg,0,0.0,0.0
2429,000526,3.jpg,0,0.0,0.0
2430,000526,4.jpg,1,91.0,0.0
2431,000527,1.jpg,3,544.0,101.0
2432,000527,2.jpg,3,595.0,51.0
2433,000527,3.jpg,3,551.0,199.0
2434,000527,4.jpg,8,580.0,25.0
2435,000527,5.jpg,4,451.0,42.0
2436,000528,1.jpg,0,0.0,0.0
2437,000528,2.jpg,1,376.0,0.0
2438,000528,3.jpg,5,561.0,21.0
2439,000528,4.jpg,4,662.0,24.0
2440,000528,5.jpg,1,412.0,0.0
2441,000529,1.jpg,5,659.0,57.0
2442,000529,2.jpg,11,511.0,19.0
2443,000529,3.jpg,5,393.0,48.0
2444,000529,4.jpg,4,639.0,78.0
2445,000530,1.jpg,5,354.0,31.0
2446,000530,2.jpg,3,345.0,46.0
2447,000530,3.jpg,1,393.0,0.0
2448,000530,4.jpg,1,352.0,0.0
2449,000530,5.jpg,1,324.0,0.0
2450,000531,1.jpg,1,386.0,0.0
2451,000531,2.jpg,0,0.0,0.0
2452,000531,3.jpg,1,397.0,0.0
2453,000531,4.jpg,1,396.0,0.0
2454,000531,5.jpg,1,382.0,0.0
2455,000532,1.jpg,1,347.0,0.0
2456,000532,2.jpg,1,315.0,0.0
2457,000532,3.jpg,1,277.0,0.0
2458,000532,4.jpg,4,174.0,14.0
2459,000532,5.jpg,3,196.0,20.0
2460,000533,1.jpg,0,0.0,0.0
2461,000533,2.jpg,0,0.0,0.0
2462,000533,3.jpg,1,308.0,0.0
2463,000533,4.jpg,3,197.0,51.0
2464,000533,5.jpg,1,45.0,0.0
2465,000534,1.jpg,1,236.0,0.0
2466,000534,2.jpg,0,0.0,0.0
2467,000534,3.jpg,1,377.0,0.0
2468,000534,4.jpg,0,0.0,0.0
2469,000535,1.jpg,4,89.0,16.0
2470,000535,2.jpg,2,73.0,147.0
2471,000535,3.jpg,3,197.0,139.0
2472,000535,4.jpg,3,98.0,69.0
2473,000535,5.jpg,5,180.0,0.0
2474,000536,1.jpg,9,312.0,35.0
2475,000536,2.jpg,12,259.0,8.0
2476,000536,3.jpg,14,263.0,6.0
2477,000536,4.jpg,10,451.0,14.0
2478,000536,5.jpg,8,603.0,36.0
2479,000537,1.jpg,0,0.0,0.0
2480,000537,2.jpg,0,0.0,0.0
2481,000537,3.jpg,0,0.0,0.0
2482,000537,4.jpg,0,0.0,0.0
2483,000537,5.jpg,0,0.0,0.0
2484,000538,1.jpg,1,918.0,0.0
2485,000538,2.jpg,1,919.0,0.0
2486,000538,3.jpg,3,435.0,344.0
2487,000538,4.jpg,4,321.0,230.0
2488,000538,5.jpg,3,391.0,337.0
2489,000539,1.jpg,10,398.0,9.0
2490,000539,2.jpg,11,491.0,11.0
2491,000539,3.jpg,14,437.0,5.0
2492,000539,4.jpg,8,283.0,10.0
2493,000540,1.jpg,11,396.0,55.0
2494,000540,2.jpg,15,457.0,4.0
2495,000540,3.jpg,9,406.0,50.0
2496,000540,4.jpg,10,455.0,5.0
2497,000541,1.jpg,0,0.0,0.0
2498,000541,2.jpg,0,0.0,0.0
2499,000541,3.jpg,0,0.0,0.0
2500,000541,4.jpg,0,0.0,0.0
2501,000541,5.jpg,0,0.0,0.0
2502,000542,1.jpg,4,441.0,210.0
2503,000542,2.jpg,4,481.0,204.0
2504,000542,3.jpg,5,526.0,71.0
2505,000542,4.jpg,5,389.0,159.0
2506,000543,1.jpg,4,101.0,28.0
2507,000543,2.jpg,4,68.0,18.0
2508,000543,3.jpg,2,78.0,157.0
2509,000543,4.jpg,9,182.0,16.0
2510,000543,5.jpg,8,279.0,18.0
2511,000544,1.jpg,6,323.0,85.0
2512,000544,2.jpg,5,348.0,7.0
2513,000544,3.jpg,3,243.0,118.0
2514,000544,4.jpg,4,283.0,190.0
2515,000545,1.jpg,8,377.0,31.0
2516,000545,2.jpg,9,454.0,13.0
2517,000545,3.jpg,3,535.0,188.0
2518,000545,4.jpg,4,409.0,121.0
2519,000546,1.jpg,7,323.0,48.0
2520,000546,2.jpg,4,233.0,66.0
2521,000546,3.jpg,5,310.0,22.0
2522,000546,4.jpg,4,414.0,20.0
2523,000546,5.jpg,4,428.0,27.0
2524,000547,1.jpg,9,560.0,2.0
2525,000547,2.jpg,1,175.0,0.0
2526,000547,3.jpg,2,310.0,620.0
2527,000547,4.jpg,2,440.0,612.0
2528,000548,1.jpg,5,669.0,9.0
2529,000548,2.jpg,5,507.0,106.0
2530,000548,3.jpg,13,474.0,6.0
2531,000548,4.jpg,9,464.0,11.0
2532,000548,5.jpg,8,390.0,20.0
2533,000549,1.jpg,0,0.0,0.0
2534,000549,2.jpg,0,0.0,0.0
2535,000549,3.jpg,0,0.0,0.0
2536,000549,4.jpg,0,0.0,0.0
2537,000549,5.jpg,0,0.0,0.0
2538,000550,1.jpg,0,0.0,0.0
2539,000550,2.jpg,3,91.0,38.0
2540,000550,3.jpg,1,73.0,0.0
2541,000550,4.jpg,1,69.0,0.0
2542,000550,5.jpg,1,45.0,0.0
2543,000551,1.jpg,6,453.0,39.0
2544,000551,2.jpg,6,423.0,45.0
2545,000551,3.jpg,3,459.0,180.0
2546,000551,4.jpg,2,655.0,388.0
2547,000552,1.jpg,8,249.0,1.0
2548,000552,2.jpg,7,408.0,10.0
2549,000552,3.jpg,8,437.0,1.0
2550,000552,4.jpg,7,364.0,29.0
2551,000552,5.jpg,7,431.0,53.0
2552,000553,1.jpg,6,535.0,60.0
2553,000553,2.jpg,8,439.0,76.0
2554,000553,3.jpg,6,483.0,65.0
2555,000553,4.jpg,4,566.0,130.0
2556,000554,1.jpg,11,412.0,15.0
2557,000554,2.jpg,11,502.0,7.0
2558,000554,3.jpg,4,372.0,57.0
2559,000554,4.jpg,8,446.0,16.0
2560,000554,5.jpg,8,490.0,29.0
2561,000555,1.jpg,5,592.0,142.0
2562,000555,2.jpg,6,526.0,85.0
2563,000555,3.jpg,2,563.0,704.0
2564,000555,4.jpg,2,482.0,867.0
2565,000555,5.jpg,2,650.0,530.0
2566,000556,1.jpg,6,129.0,35.0
2567,000556,2.jpg,6,109.0,10.0
2568,000556,3.jpg,6,90.0,21.0
2569,000556,4.jpg,5,235.0,153.0
2570,000557,1.jpg,0,0.0,0.0
2571,000557,2.jpg,2,750.0,291.0
2572,000557,3.jpg,2,401.0,802.0
2573,000557,4.jpg,0,0.0,0.0
2574,000558,1.jpg,6,388.0,20.0
2575,000558,2.jpg,2,214.0,429.0
2576,000558,3.jpg,5,491.0,58.0
2577,000558,4.jpg,3,267.0,116.0
2578,000558,5.jpg,1,498.0,0.0
2579,000559,1.jpg,7,298.0,27.0
2580,000559,2.jpg,4,166.0,45.0
2581,000559,3.jpg,4,135.0,60.0
2582,000559,4.jpg,9,193.0,18.0
2583,000560,1.jpg,4,456.0,25.0
2584,000560,2.jpg,7,310.0,13.0
2585,000560,3.jpg,11,374.0,19.0
2586,000560,4.jpg,9,556.0,8.0
2587,000561,1.jpg,8,273.0,47.0
2588,000561,2.jpg,3,258.0,46.0
2589,000561,3.jpg,8,255.0,61.0
2590,000561,4.jpg,4,396.0,197.0
2591,000561,5.jpg,2,256.0,89.0
2592,000562,1.jpg,7,507.0,9.0
2593,000562,2.jpg,8,500.0,7.0
2594,000562,3.jpg,7,487.0,24.0
2595,000562,4.jpg,6,528.0,36.0
2596,000562,5.jpg,6,692.0,20.0
2597,000563,1.jpg,0,0.0,0.0
2598,000563,2.jpg,0,0.0,0.0
2599,000563,3.jpg,0,0.0,0.0
2600,000563,4.jpg,1,100.0,0.0
2601,000564,1.jpg,1,103.0,0.0
2602,000564,2.jpg,0,0.0,0.0
2603,000564,3.jpg,0,0.0,0.0
2604,000564,4.jpg,2,540.0,67.0
2605,000564,5.jpg,1,767.0,0.0
2606,000565,1.jpg,4,425.0,136.0
2607,000565,2.jpg,1,135.0,0.0
2608,000565,3.jpg,0,0.0,0.0
2609,000565,4.jpg,0,0.0,0.0
2610,000565,5.jpg,0,0.0,0.0
2611,000566,1.jpg,2,100.0,175.0
2612,000566,2.jpg,1,5.0,0.0
2613,000566,3.jpg,1,77.0,0.0
2614,000566,4.jpg,0,0.0,0.0
2615,000566,5.jpg,0,0.0,0.0
2616,000567,1.jpg,5,594.0,95.0
2617,000567,2.jpg,4,531.0,57.0
2618,000567,3.jpg,4,420.0,14.0
2619,000567,4.jpg,6,366.0,8.0
2620,000567,5.jpg,7,341.0,14.0
2621,000568,1.jpg,0,0.0,0.0
2622,000568,2.jpg,0,0.0,0.0
2623,000568,3.jpg,0,0.0,0.0
2624,000568,4.jpg,0,0.0,0.0
2625,000568,5.jpg,1,501.0,0.0
2626,000569,1.jpg,12,364.0,13.0
2627,000569,2.jpg,10,476.0,16.0
2628,000569,3.jpg,10,260.0,48.0
2629,000569,4.jpg,10,309.0,58.0
2630,000570,1.jpg,2,353.0,500.0
2631,000570,2.jpg,1,1103.0,0.0
2632,000570,3.jpg,0,0.0,0.0
2633,000570,4.jpg,0,0.0,0.0
2634,000570,5.jpg,0,0.0,0.0
2635,000571,1.jpg,2,106.0,138.0
2636,000571,2.jpg,1,411.0,0.0
2637,000571,3.jpg,1,123.0,0.0
2638,000571,4.jpg,0,0.0,0.0
2639,000572,1.jpg,1,61.0,0.0
2640,000572,2.jpg,2,349.0,699.0
2641,000572,3.jpg,0,0.0,0.0
2642,000572,4.jpg,0,0.0,0.0
2643,000572,5.jpg,1,124.0,0.0
2644,000573,1.jpg,1,210.0,0.0
2645,000573,2.jpg,2,419.0,57.0
2646,000573,3.jpg,3,291.0,61.0
2647,000573,4.jpg,6,415.0,22.0
2648,000574,1.jpg,7,465.0,38.0
2649,000574,2.jpg,12,414.0,6.0
2650,000574,3.jpg,10,454.0,31.0
2651,000574,4.jpg,7,492.0,48.0
2652,000574,5.jpg,10,680.0,19.0
2653,000575,1.jpg,2,303.0,22.0
2654,000575,2.jpg,1,456.0,0.0
2655,000575,3.jpg,1,496.0,0.0
2656,000575,4.jpg,2,296.0,20.0
2657,000576,1.jpg,2,313.0,109.0
2658,000576,2.jpg,6,325.0,72.0
2659,000576,3.jpg,2,265.0,205.0
2660,000576,4.jpg,1,338.0,0.0
2661,000577,1.jpg,8,242.0,6.0
2662,000577,2.jpg,5,353.0,67.0
2663,000577,3.jpg,5,361.0,24.0
2664,000577,4.jpg,5,391.0,44.0
2665,000578,1.jpg,0,0.0,0.0
2666,000578,2.jpg,0,0.0,0.0
2667,000578,3.jpg,0,0.0,0.0
2668,000578,4.jpg,0,0.0,0.0
2669,000578,5.jpg,0,0.0,0.0
2670,000579,1.jpg,4,295.0,21.0
2671,000579,2.jpg,3,286.0,24.0
2672,000579,3.jpg,3,273.0,22.0
2673,000579,4.jpg,4,360.0,108.0
2674,000579,5.jpg,3,272.0,19.0
2675,000580,1.jpg,7,262.0,4.0
2676,000580,2.jpg,5,306.0,2.0
2677,000580,3.jpg,3,339.0,58.0
2678,000580,4.jpg,3,276.0,50.0
2679,000580,5.jpg,2,343.0,109.0
2680,000581,1.jpg,3,399.0,33.0
2681,000581,2.jpg,3,461.0,88.0
2682,000581,3.jpg,2,606.0,313.0
2683,000581,4.jpg,1,411.0,0.0
2684,000581,5.jpg,1,441.0,0.0
2685,000582,1.jpg,7,495.0,44.0
2686,000582,2.jpg,7,528.0,41.0
2687,000582,3.jpg,7,502.0,42.0
2688,000582,4.jpg,6,450.0,38.0
2689,000582,5.jpg,7,409.0,31.0
2690,000583,1.jpg,2,847.0,261.0
2691,000583,2.jpg,3,862.0,147.0
2692,000583,3.jpg,3,622.0,87.0
2693,000583,4.jpg,5,577.0,50.0
2694,000583,5.jpg,8,491.0,39.0
2695,000584,1.jpg,5,245.0,35.0
2696,000584,2.jpg,4,664.0,110.0
2697,000584,3.jpg,2,606.0,347.0
2698,000584,4.jpg,0,0.0,0.0
2699,000584,5.jpg,0,0.0,0.0
2700,000585,1.jpg,2,166.0,7.0
2701,000585,2.jpg,1,377.0,0.0
2702,000585,3.jpg,1,382.0,0.0
2703,000585,4.jpg,0,0.0,0.0
2704,000585,5.jpg,0,0.0,0.0
2705,000586,1.jpg,4,173.0,84.0
2706,000586,2.jpg,3,225.0,91.0
2707,000586,3.jpg,3,188.0,83.0
2708,000586,4.jpg,2,232.0,195.0
2709,000587,1.jpg,5,185.0,25.0
2710,000587,2.jpg,6,260.0,59.0
2711,000587,3.jpg,4,187.0,26.0
2712,000587,4.jpg,5,275.0,51.0
2713,000588,1.jpg,7,532.0,41.0
2714,000588,2.jpg,4,739.0,71.0
2715,000588,3.jpg,5,620.0,37.0
2716,000588,4.jpg,5,643.0,40.0
2717,000588,5.jpg,5,522.0,92.0
2718,000589,1.jpg,11,415.0,20.0
2719,000589,2.jpg,11,392.0,31.0
2720,000589,3.jpg,10,372.0,26.0
2721,000589,4.jpg,8,397.0,40.0
2722,000589,5.jpg,10,383.0,24.0
2723,000590,1.jpg,4,381.0,337.0
2724,000590,2.jpg,5,102.0,33.0
2725,000590,3.jpg,9,428.0,36.0
2726,000590,4.jpg,13,424.0,29.0
2727,000591,1.jpg,4,249.0,93.0
2728,000591,2.jpg,7,242.0,20.0
2729,000591,3.jpg,4,213.0,97.0
2730,000591,4.jpg,1,414.0,0.0
2731,000591,5.jpg,3,683.0,61.0
2732,000592,1.jpg,4,138.0,99.0
2733,000592,2.jpg,2,177.0,354.0
2734,000592,3.jpg,3,243.0,79.0
2735,000592,4.jpg,4,169.0,82.0
2736,000593,1.jpg,1,649.0,0.0
2737,000593,2.jpg,0,0.0,0.0
2738,000593,3.jpg,1,651.0,0.0
2739,000593,4.jpg,0,0.0,0.0
2740,000593,5.jpg,0,0.0,0.0
2741,000594,1.jpg,1,107.0,0.0
2742,000594,2.jpg,1,108.0,0.0
2743,000594,3.jpg,2,185.0,119.0
2744,000594,4.jpg,1,118.0,0.0
2745,000594,5.jpg,1,313.0,0.0
2746,000595,1.jpg,0,0.0,0.0
2747,000595,2.jpg,0,0.0,0.0
2748,000595,3.jpg,3,489.0,2.0
2749,000595,4.jpg,0,0.0,0.0
2750,000595,5.jpg,0,0.0,0.0
2751,000596,1.jpg,9,325.0,52.0
2752,000596,2.jpg,5,382.0,59.0
2753,000596,3.jpg,5,411.0,96.0
2754,000596,4.jpg,6,416.0,82.0
2755,000596,5.jpg,5,397.0,123.0
2756,000597,1.jpg,6,397.0,116.0
2757,000597,2.jpg,7,373.0,95.0
2758,000597,3.jpg,4,576.0,11.0
2759,000597,4.jpg,2,526.0,150.0
2760,000597,5.jpg,2,367.0,96.0
2761,000598,1.jpg,1,71.0,0.0
2762,000598,2.jpg,0,0.0,0.0
2763,000598,3.jpg,0,0.0,0.0
2764,000598,4.jpg,1,54.0,0.0
2765,000598,5.jpg,7,260.0,70.0
2766,000599,1.jpg,9,303.0,12.0
2767,000599,2.jpg,6,502.0,11.0
2768,000599,3.jpg,6,627.0,15.0
2769,000599,4.jpg,9,458.0,21.0
2770,000599,5.jpg,6,274.0,31.0
2771,000600,1.jpg,0,0.0,0.0
2772,000600,2.jpg,0,0.0,0.0
2773,000600,3.jpg,0,0.0,0.0
2774,000600,4.jpg,0,0.0,0.0
